Workbook

Sheet SQL
B4: -- New script in 【DEV4】yzk-duel-dev4.
B5: -- Date: 2026 Apr 1
B6: -- Time: 14:26:26
B9: -- 1. eigyosyo_monthly_sales_target (営業所月次目標)
B10: SELECT
B11: cstm_cd,
B12: COUNT(*) AS record_count,
B13: MAX(insert_datetime) AS latest_insert_datetime
B14: FROM
B15: taxicloud.eigyosyo_monthly_sales_target
B16: GROUP BY
B17: cstm_cd
... B301: cstm_cd;

Sheet Sheet5
F1: =SUM(F2:F85) -> 526 | G1: =SUM(G2:G85) -> 1330568 | I1: =G1+F1 -> 1331094
B2: 1376 | C2: 1376 | D2: 150 | F2: =B2-C2 -> 0 | G2: =B2-D2 -> 1226 | O2: =SUM(O3:O13) -> 12
B3: 17811 | C3: 17741 | D3: 327 | F3: =B3-C3 -> 70 | G3: =B3-D3 -> 17484 | L3: 15 | M3: 14 | O3: =L3-M3 -> 1
B4: 1 | C4: 1 | D4: 0 | F4: =B4-C4 -> 0 | G4: =B4-D4 -> 1 | L4: 19 | M4: 18 | O4: =L4-M4 -> 1
B5: 97888 | C5: 97869 | D5: 18850 | F5: =B5-C5 -> 19 | G5: =B5-D5 -> 79038 | L5: 1 | M5: 0 | O5: =L5-M5 -> 1
B6: 65382 | C6: 65379 | D6: 13233 | F6: =B6-C6 -> 3 | G6: =B6-D6 -> 52149 | L6: 2 | M6: 1 | O6: =L6-M6 -> 1
B7: 46288 | C7: 46279 | D7: 8224 | F7: =B7-C7 -> 9 | G7: =B7-D7 -> 38064 | L7: 2 | M7: 0 | O7: =L7-M7 -> 2
B8: 54878 | C8: 54864 | D8: 19208 | F8: =B8-C8 -> 14 | G8: =B8-D8 -> 35670 | L8: 3 | M8: 2 | O8: =L8-M8 -> 1
B9: 25012 | C9: 25009 | D9: 4833 | F9: =B9-C9 -> 3 | G9: =B9-D9 -> 20179 | L9: 4 | M9: 3 | O9: =L9-M9 -> 1
B10: 5059 | C10: 5058 | D10: 1015 | F10: =B10-C10 -> 1 | G10: =B10-D10 -> 4044 | L10: 3 | M10: 2 | O10: =L10-M10 -> 1
B11: 6956 | C11: 6953 | D11: 1758 | F11: =B11-C11 -> 3 | G11: =B11-D11 -> 5198 | L11: 3 | M11: 2 | O11: =L11-M11 -> 1
B12: 2039 | C12: 2039 | D12: 570 | F12: =B12-C12 -> 0 | G12: =B12-D12 -> 1469 | L12: 1 | M12: 0 | O12: =L12-M12 -> 1
B13: 13812 | C13: 13789 | D13: 2939 | F13: =B13-C13 -> 23 | G13: =B13-D13 -> 10873 | L13: 1 | M13: 0 | O13: =L13-M13 -> 1
B14: 147632 | C14: 147606 | D14: 28523 | F14: =B14-C14 -> 26 | G14: =B14-D14 -> 119109
B15: 33694 | C15: 33682 | D15: 6309 | F15: =B15-C15 -> 12 | G15: =B15-D15 -> 27385
B16: 25715 | C16: 25709 | D16: 5803 | F16: =B16-C16 -> 6 | G16: =B16-D16 -> 19912
B17: 33213 | C17: 33204 | D17: 8896 | F17: =B17-C17 -> 9 | G17: =B17-D17 -> 24317
B18: 34973 | C18: 34968 | D18: 7251 | F18: =B18-C18 -> 5 | G18: =B18-D18 -> 27722
B19: 192 | C19: 192 | D19: 140 | F19: =B19-C19 -> 0 | G19: =B19-D19 -> 52 | O19: =SUM(O20:O32) -> 14
B20: 18058 | C20: 18053 | D20: 3257 | F20: =B20-C20 -> 5 | G20: =B20-D20 -> 14801 | K20: 8 | L20: 7 | M20: 8 | O20: =K20-L20 -> 1 | P20: =K20-M20 -> 0
B21: 27551 | C21: 27547 | D21: 5765 | F21: =B21-C21 -> 4 | G21: =B21-D21 -> 21786 | K21: 10 | L21: 9 | M21: 10 | O21: =K21-L21 -> 1 | P21: =K21-M21 -> 0
B22: 10302 | C22: 10297 | D22: 2559 | F22: =B22-C22 -> 5 | G22: =B22-D22 -> 7743 | K22: 1 | L22: 0 | M22: 1 | O22: =K22-L22 -> 1 | P22: =K22-M22 -> 0
B23: 1699 | C23: 1699 | D23: 0 | F23: =B23-C23 -> 0 | G23: =B23-D23 -> 1699 | K23: 2 | L23: 1 | M23: 2 | O23: =K23-L23 -> 1 | P23: =K23-M23 -> 0
B24: 20229 | C24: 20227 | D24: 4544 | F24: =B24-C24 -> 2 | G24: =B24-D24 -> 15685 | K24: 2 | L24: 1 | M24: 2 | O24: =K24-L24 -> 1 | P24: =K24-M24 -> 0
B25: 11112 | C25: 11111 | D25: 4291 | F25: =B25-C25 -> 1 | G25: =B25-D25 -> 6821 | K25: 1 | L25: 0 | M25: 1 | O25: =K25-L25 -> 1 | P25: =K25-M25 -> 0
B26: 14276 | C26: 14274 | D26: 3285 | F26: =B26-C26 -> 2 | G26: =B26-D26 -> 10991 | K26: 2 | L26: 0 | M26: 2 | O26: =K26-L26 -> 2 | P26: =K26-M26 -> 0
B27: 170096 | C27: 170096 | D27: 0 | F27: =B27-C27 -> 0 | G27: =B27-D27 -> 170096 | K27: 1 | L27: 0 | M27: 1 | O27: =K27-L27 -> 1 | P27: =K27-M27 -> 0
B28: 5029 | C28: 5028 | D28: 2017 | F28: =B28-C28 -> 1 | G28: =B28-D28 -> 3012 | K28: 1 | L28: 0 | M28: 1 | O28: =K28-L28 -> 1 | P28: =K28-M28 -> 0
B29: 9223 | C29: 9222 | D29: 3192 | F29: =B29-C29 -> 1 | G29: =B29-D29 -> 6031 | K29: 2 | L29: 1 | M29: 2 | O29: =K29-L29 -> 1 | P29: =K29-M29 -> 0
B30: 46318 | C30: 46309 | D30: 10196 | F30: =B30-C30 -> 9 | G30: =B30-D30 -> 36122 | K30: 1 | L30: 0 | M30: 1 | O30: =K30-L30 -> 1 | P30: =K30-M30 -> 0
B31: 371172 | C31: 371085 | D31: 88082 | F31: =B31-C31 -> 87 | G31: =B31-D31 -> 283090 | K31: 1 | L31: 0 | M31: 1 | O31: =K31-L31 -> 1 | P31: =K31-M31 -> 0
B32: 24056 | C32: 24053 | D32: 6355 | F32: =B32-C32 -> 3 | G32: =B32-D32 -> 17701 | K32: 1 | L32: 0 | M32: 1 | O32: =K32-L32 -> 1 | P32: =K32-M32 -> 0
B33: 7131 | C33: 7129 | D33: 2150 | F33: =B33-C33 -> 2 | G33: =B33-D33 -> 4981
B34: 8172 | C34: 8170 | D34: 2577 | F34: =B34-C34 -> 2 | G34: =B34-D34 -> 5595
B35: 9203 | C35: 9202 | D35: 1745 | F35: =B35-C35 -> 1 | G35: =B35-D35 -> 7458
B36: 7064 | C36: 7060 | D36: 1647 | F36: =B36-C36 -> 4 | G36: =B36-D36 -> 5417
B37: 12182 | C37: 12180 | D37: 3262 | F37: =B37-C37 -> 2 | G37: =B37-D37 -> 8920
B38: 3943 | C38: 3937 | D38: 1123 | F38: =B38-C38 -> 6 | G38: =B38-D38 -> 2820
B39: 4829 | C39: 4829 | D39: 1482 | F39: =B39-C39 -> 0 | G39: =B39-D39 -> 3347
B40: 42135 | C40: 42125 | D40: 25555 | F40: =B40-C40 -> 10 | G40: =B40-D40 -> 16580
B41: 6353 | C41: 6342 | D41: 1777 | F41: =B41-C41 -> 11 | G41: =B41-D41 -> 4576
B42: 99075 | C42: 99023 | D42: 33045 | F42: =B42-C42 -> 52 | G42: =B42-D42 -> 66030
B43: 6867 | C43: 6866 | D43: 2258 | F43: =B43-C43 -> 1 | G43: =B43-D43 -> 4609
B44: 5857 | C44: 5854 | D44: 1681 | F44: =B44-C44 -> 3 | G44: =B44-D44 -> 4176
... B85: 51 | C85: 51 | D85: 52 | F85: =B85-C85 -> 0 | G85: =B85-D85 -> -1

Sheet 比較
T1: パッチ、および影響調査対象 | X1: duelに差分があるが、_no_alertのレコードが登録されている。リリース時に登録したものと考えられる | AB1: パッチ、および影響調査対象 | AF1: duelとblitzにはデフォルト営業所のみの連携となるため、差分が出てOK | CF1: パッチ、および影響調査対象(DUEL 売上レポートPDF出力) | CN1: パッチ、および影響調査対象 | CR1: パッチ、および影響調査対象 | CV1: パッチ、および影響調査対象（顧客「02000039」、営業所「00000002」、乗務員「000081：森岡 浩世」がduelに登録なし）
T2: 2顧客:134レコード | AB2: 3顧客:21レコード | CF2: 顧客:84,1331094 (blitz抜き)526レコード | CN2: 顧客:11,12レコード | CR2: 顧客13:14レコード | CV2: 顧客1:1レコード
A3: 調査対象 | D3: eigyosyo_monthly_sales_target | H3: eigyosyo_daily_sales_target | L3: jomuin_monthly_sales_target | P3: jomuin_daily_sales_target | T3: jomuin_mst_sales_target | X3: alert_setting | AB3: jomuin_mst_alert_setting | AF3: disposalday_mst | AJ3: client_mst | AN3: eigyokuiki_mst | AR3: eigyosyo_mst | AV3: kanrisya_mst | AZ3: kokyaku_mst | BD3: sikutyoson_mst | BH3: syaryo_mst | BL3: untentiten_mst | BP3: user_mst | BT3: userarea_l_mst | BX3: userarea_mst | CB3: userarea_p_mst | CF3: daily_pdf_tbl | CJ3: service_mst | CN3: syasyu_mst | CR3: kubun_mst | CV3: jomuin_mst
A4: ○ | B4: 顧客コード | C4: 判定 | D4: aegis件数 | E4: duel件数 | F4: blitz件数 | G4: 判定 | H4: aegis件数 | I4: duel件数 | J4: blitz件数 | K4: 判定 | L4: aegis件数 | M4: duel件数 | N4: blitz件数 | O4: 判定 | P4: aegis件数 | Q4: duel件数 | R4: blitz件数 | S4: 判定 | T4: aegis件数 | U4: duel件数 | V4: blitz件数 | W4: 判定 | X4: aegis件数 | Y4: duel件数 | Z4: blitz件数 | AA4: 判定 | AB4: aegis件数 | AC4: duel件数 | AD4: blitz件数 | AE4: 判定 | AF4: aegis件数 | AG4: duel件数 | AH4: blitz件数 | AI4: 判定 | AJ4: aegis件数 | AK4: duel件数 | AL4: blitz件数 | AM4: 判定 | AN4: aegis件数 | AO4: duel件数 | AP4: blitz件数 | AQ4: 判定 | AR4: aegis件数 | AS4: duel件数 | AT4: blitz件数 | AU4: 判定 | AV4: aegis件数 | AW4: duel件数 | AX4: blitz件数 | AY4: 判定 | AZ4: aegis件数 | BA4: duel件数 | BB4: blitz件数 | BC4: 判定 | BD4: aegis件数 | BE4: duel件数 | BF4: blitz件数 | BG4: 判定 | BH4: aegis件数 | BI4: duel件数 | BJ4: blitz件数 | BK4: 判定 | BL4: aegis件数 | BM4: duel件数 | BN4: blitz件数 | BO4: 判定 | BP4: aegis件数 | BQ4: duel件数 | BR4: blitz件数 | BS4: 判定 | BT4: aegis件数 | BU4: duel件数 | BV4: blitz件数 | BW4: 判定 | BX4: aegis件数 | BY4: duel件数 | BZ4: blitz件数 | CA4: 判定 | CB4: aegis件数 | CC4: duel件数 | CD4: blitz件数 | CE4: 判定 | CF4: aegis件数 | CG4: duel件数 | CH4: blitz件数 | CI4: 判定 | CJ4: aegis件数 | CK4: duel件数 | CL4: blitz件数 | CM4: 判定 | CN4: aegis件数 | CO4: duel件数 | CP4: blitz件数 | CQ4: 判定 | CR4: aegis件数 | CS4: duel件数 | CT4: blitz件数 | CU4: 判定 | CV4: aegis件数 | CW4: duel件数 | CX4: blitz件数 | CY4: 判定
B5: 00000001 | C5: =AND(G5,K5,O5,S5,W5,AA5,AE5,AI5,AM5,AQ5,AU5,AY5,BC5,BG5,BK5,BO5,BS5,BW5,CA5,CE5,CI5,CM5,CQ5,CU5,CY5) -> TRUE | D5: =IFERROR(VLOOKUP($B5, aegis!$B:$C, 2, FALSE), 0) -> 0 | E5: =IFERROR(VLOOKUP($B5, duel!$B:$C, 2, FALSE), 0) -> 0 | F5: =IFERROR(VLOOKUP($B5, blitz!$B:$C, 2, FALSE), 0) -> 0 | G5: =AND(D5=E5, E5=F5) -> TRUE | H5: =IFERROR(VLOOKUP($B5, aegis!$G:$H, 2, FALSE), 0) -> 0 | I5: =IFERROR(VLOOKUP($B5, duel!$G:$H, 2, FALSE), 0) -> 0 | J5: =IFERROR(VLOOKUP($B5, blitz!$G:$H, 2, FALSE), 0) -> 0 | K5: =AND(H5=I5, I5=J5) -> TRUE | L5: =IFERROR(VLOOKUP($B5, aegis!$L:$M, 2, FALSE), 0) -> 12 | M5: =IFERROR(VLOOKUP($B5, duel!$L:$M, 2, FALSE), 0) -> 12 | N5: =IFERROR(VLOOKUP($B5, blitz!$L:$M, 2, FALSE), 0) -> 12 | O5: =AND(L5=M5, M5=N5) -> TRUE | P5: =IFERROR(VLOOKUP($B5, aegis!$Q:$R, 2, FALSE), 0) -> 7 | Q5: =IFERROR(VLOOKUP($B5, duel!$Q:$R, 2, FALSE), 0) -> 7 | R5: =IFERROR(VLOOKUP($B5, blitz!$Q:$R, 2, FALSE), 0) -> 7 | S5: =AND(P5=Q5, Q5=R5) -> TRUE | T5: =IFERROR(VLOOKUP($B5, aegis!$V:$W, 2, FALSE), 0) -> 2 | U5: =IFERROR(VLOOKUP($B5, duel!$V:$W, 2, FALSE), 0) -> 2 | V5: =IFERROR(VLOOKUP($B5, blitz!$V:$W, 2, FALSE), 0) -> 2 | W5: =AND(T5=U5, U5=V5) -> TRUE | X5: =IFERROR(VLOOKUP($B5, aegis!$AA:$AB, 2, FALSE), 0) -> 1 | Y5: =IFERROR(VLOOKUP($B5, duel!$AA:$AB, 2, FALSE), 0) -> 1 | Z5: =IFERROR(VLOOKUP($B5, blitz!$AA:$AB, 2, FALSE), 0) -> 1 | AA5: =AND(X5=Y5, Y5=Z5) -> TRUE | AB5: =IFERROR(VLOOKUP($B5, aegis!$AF:$AG, 2, FALSE), 0) -> 2 | AC5: =IFERROR(VLOOKUP($B5, duel!$AF:$AG, 2, FALSE), 0) -> 2 | AD5: =IFERROR(VLOOKUP($B5, blitz!$AF:$AG, 2, FALSE), 0) -> 2 | AE5: =AND(AB5=AC5, AC5=AD5) -> TRUE | AF5: =IFERROR(VLOOKUP($B5, aegis!$AK:$AL, 2, FALSE), 0) -> 0 | AG5: =IFERROR(VLOOKUP($B5, duel!$AK:$AL, 2, FALSE), 0) -> 0 | AH5: =IFERROR(VLOOKUP($B5, blitz!$AK:$AL, 2, FALSE), 0) -> 0 | AI5: =AND(AF5=AG5, AG5=AH5) -> TRUE | AJ5: =IFERROR(VLOOKUP($B5, aegis!$AP:$AQ, 2, FALSE), 0) -> 3 | AK5: =IFERROR(VLOOKUP($B5, duel!$AP:$AQ, 2, FALSE), 0) -> 3 | AL5: =IFERROR(VLOOKUP($B5, blitz!$AP:$AQ, 2, FALSE), 0) -> 3 | AM5: =AND(AJ5=AK5, AK5=AL5) -> TRUE | AN5: =IFERROR(VLOOKUP($B5, aegis!$AU:$AV, 2, FALSE), 0) -> 3 | AO5: =IFERROR(VLOOKUP($B5, duel!$AU:$AV, 2, FALSE), 0) -> 3 | AP5: =IFERROR(VLOOKUP($B5, blitz!$AU:$AV, 2, FALSE), 0) -> 3 | AQ5: =AND(AN5=AO5, AO5=AP5) -> TRUE | AR5: =IFERROR(VLOOKUP($B5, aegis!$AZ:$BA, 2, FALSE), 0) -> 1 | AS5: =IFERROR(VLOOKUP($B5, duel!$AZ:$BA, 2, FALSE), 0) -> 1 | AT5: =IFERROR(VLOOKUP($B5, blitz!$AZ:$BA, 2, FALSE), 0) -> 1 | AU5: =AND(AR5=AS5, AS5=AT5) -> TRUE | AV5: =IFERROR(VLOOKUP($B5, aegis!$BE:$BF, 2, FALSE), 0) -> 2 | AW5: =IFERROR(VLOOKUP($B5, duel!$BE:$BF, 2, FALSE), 0) -> 2 | AX5: =IFERROR(VLOOKUP($B5, blitz!$BE:$BF, 2, FALSE), 0) -> 2 | AY5: =AND(AV5=AW5, AW5=AX5) -> TRUE | AZ5: =IFERROR(VLOOKUP($B5, aegis!$BJ:$BK, 2, FALSE), 0) -> 0 | BA5: =IFERROR(VLOOKUP($B5, duel!$BJ:$BK, 2, FALSE), 0) -> 0 | BB5: =IFERROR(VLOOKUP($B5, blitz!$BJ:$BK, 2, FALSE), 0) -> 0 | BC5: =AND(AZ5=BA5, BA5=BB5) -> TRUE | BD5: =IFERROR(VLOOKUP($B5, aegis!$BO:$BP, 2, FALSE), 0) -> 0 | BE5: =IFERROR(VLOOKUP($B5, duel!$BO:$BP, 2, FALSE), 0) -> 0 | BF5: =IFERROR(VLOOKUP($B5, blitz!$BO:$BP, 2, FALSE), 0) -> 0 | BG5: =AND(BD5=BE5, BE5=BF5) -> TRUE | BH5: =IFERROR(VLOOKUP($B5, aegis!$BT:$BU, 2, FALSE), 0) -> 0 | BI5: =IFERROR(VLOOKUP($B5, duel!$BT:$BU, 2, FALSE), 0) -> 0 | BJ5: =IFERROR(VLOOKUP($B5, blitz!$BT:$BU, 2, FALSE), 0) -> 0 | BK5: =AND(BH5=BI5, BI5=BJ5) -> TRUE | BL5: =IFERROR(VLOOKUP($B5, aegis!$BY:$BZ, 2, FALSE), 0) -> 2 | BM5: =IFERROR(VLOOKUP($B5, duel!$BY:$BZ, 2, FALSE), 0) -> 2 | BN5: =IFERROR(VLOOKUP($B5, blitz!$BY:$BZ, 2, FALSE), 0) -> 2 | BO5: =AND(BL5=BM5, BM5=BN5) -> TRUE | BP5: =IFERROR(VLOOKUP($B5, aegis!$CD:$CE, 2, FALSE), 0) -> 0 | BQ5: =IFERROR(VLOOKUP($B5, duel!$CD:$CE, 2, FALSE), 0) -> 0 | BR5: =IFERROR(VLOOKUP($B5, blitz!$CD:$CE, 2, FALSE), 0) -> 0 | BS5: =AND(BP5=BQ5, BQ5=BR5) -> TRUE | BT5: =IFERROR(VLOOKUP($B5, aegis!$CI:$CJ, 2, FALSE), 0) -> 3 | BU5: =IFERROR(VLOOKUP($B5, duel!$CI:$CJ, 2, FALSE), 0) -> 3 | BV5: =IFERROR(VLOOKUP($B5, blitz!$CI:$CJ, 2, FALSE), 0) -> 3 | BW5: =AND(BT5=BU5, BU5=BV5) -> TRUE | BX5: =IFERROR(VLOOKUP($B5, aegis!$CN:$CO, 2, FALSE), 0) -> 3 | BY5: =IFERROR(VLOOKUP($B5, duel!$CN:$CO, 2, FALSE), 0) -> 3 | BZ5: =IFERROR(VLOOKUP($B5, blitz!$CN:$CO, 2, FALSE), 0) -> 3 | CA5: =AND(BX5=BY5, BY5=BZ5) -> TRUE | CB5: =IFERROR(VLOOKUP($B5, aegis!$CS:$CT, 2, FALSE), 0) -> 14 | CC5: =IFERROR(VLOOKUP($B5, duel!$CS:$CT, 2, FALSE), 0) -> 14 | CD5: =IFERROR(VLOOKUP($B5, blitz!$CS:$CT, 2, FALSE), 0) -> 14 | CE5: =AND(CB5=CC5, CC5=CD5) -> TRUE | CF5: =IFERROR(VLOOKUP($B5, aegis!$CX:$CY, 2, FALSE), 0) -> 0 | CG5: =IFERROR(VLOOKUP($B5, duel!$CX:$CY, 2, FALSE), 0) -> 0 | CH5: =IFERROR(VLOOKUP($B5, blitz!$CX:$CY, 2, FALSE), 0) -> 0 | CI5: =AND(CF5=CG5, CG5=CH5) -> TRUE | CJ5: =IFERROR(VLOOKUP($B5, aegis!$DC:$DD, 2, FALSE), 0) -> 0 | CK5: =IFERROR(VLOOKUP($B5, duel!$DC:$DD, 2, FALSE), 0) -> 0 | CL5: =IFERROR(VLOOKUP($B5, blitz!$DC:$DD, 2, FALSE), 0) -> 0 | CM5: =AND(CJ5=CK5, CK5=CL5) -> TRUE | CN5: =IFERROR(VLOOKUP($B5, aegis!$DH:$DI, 2, FALSE), 0) -> 3 | CO5: =IFERROR(VLOOKUP($B5, duel!$DH:$DI, 2, FALSE), 0) -> 3 | CP5: =IFERROR(VLOOKUP($B5, blitz!$DH:$DI, 2, FALSE), 0) -> 0 | CQ5: =AND(CN5=CO5) -> TRUE | CR5: =IFERROR(VLOOKUP($B5, aegis!$DM:$DN, 2, FALSE), 0) -> 20 | CS5: =IFERROR(VLOOKUP($B5, duel!$DM:$DN, 2, FALSE), 0) -> 20 | CT5: =IFERROR(VLOOKUP($B5, blitz!$DM:$DN, 2, FALSE), 0) -> 20 | CU5: =AND(CR5=CS5, CS5=CT5) -> TRUE | CV5: =IFERROR(VLOOKUP($B5, aegis!$DR:$DS, 2, FALSE), 0) -> 2 | CW5: =IFERROR(VLOOKUP($B5, duel!$DR:$DS, 2, FALSE), 0) -> 2 | CX5: =IFERROR(VLOOKUP($B5, blitz!$DR:$DS, 2, FALSE), 0) -> 2 | CY5: =AND(CV5=CW5, CW5=CX5) -> TRUE
B6: 00000002 | C6: =AND(G6,K6,O6,S6,W6,AA6,AE6,AI6,AM6,AQ6,AU6,AY6,BC6,BG6,BK6,BO6,BS6,BW6,CA6,CE6,CI6,CM6,CQ6,CU6,CY6) -> TRUE | D6: =IFERROR(VLOOKUP($B6, aegis!$B:$C, 2, FALSE), 0) -> 0 | E6: =IFERROR(VLOOKUP($B6, duel!$B:$C, 2, FALSE), 0) -> 0 | F6: =IFERROR(VLOOKUP($B6, blitz!$B:$C, 2, FALSE), 0) -> 0 | G6: =AND(D6=E6, E6=F6) -> TRUE | H6: =IFERROR(VLOOKUP($B6, aegis!$G:$H, 2, FALSE), 0) -> 0 | I6: =IFERROR(VLOOKUP($B6, duel!$G:$H, 2, FALSE), 0) -> 0 | J6: =IFERROR(VLOOKUP($B6, blitz!$G:$H, 2, FALSE), 0) -> 0 | K6: =AND(H6=I6, I6=J6) -> TRUE | L6: =IFERROR(VLOOKUP($B6, aegis!$L:$M, 2, FALSE), 0) -> 12 | M6: =IFERROR(VLOOKUP($B6, duel!$L:$M, 2, FALSE), 0) -> 12 | N6: =IFERROR(VLOOKUP($B6, blitz!$L:$M, 2, FALSE), 0) -> 12 | O6: =AND(L6=M6, M6=N6) -> TRUE | P6: =IFERROR(VLOOKUP($B6, aegis!$Q:$R, 2, FALSE), 0) -> 7 | Q6: =IFERROR(VLOOKUP($B6, duel!$Q:$R, 2, FALSE), 0) -> 7 | R6: =IFERROR(VLOOKUP($B6, blitz!$Q:$R, 2, FALSE), 0) -> 7 | S6: =AND(P6=Q6, Q6=R6) -> TRUE | T6: =IFERROR(VLOOKUP($B6, aegis!$V:$W, 2, FALSE), 0) -> 0 | U6: =IFERROR(VLOOKUP($B6, duel!$V:$W, 2, FALSE), 0) -> 0 | V6: =IFERROR(VLOOKUP($B6, blitz!$V:$W, 2, FALSE), 0) -> 0 | W6: =AND(T6=U6, U6=V6) -> TRUE | X6: =IFERROR(VLOOKUP($B6, aegis!$AA:$AB, 2, FALSE), 0) -> 1 | Y6: =IFERROR(VLOOKUP($B6, duel!$AA:$AB, 2, FALSE), 0) -> 1 | Z6: =IFERROR(VLOOKUP($B6, blitz!$AA:$AB, 2, FALSE), 0) -> 1 | AA6: =AND(X6=Y6, Y6=Z6) -> TRUE | AB6: =IFERROR(VLOOKUP($B6, aegis!$AF:$AG, 2, FALSE), 0) -> 0 | AC6: =IFERROR(VLOOKUP($B6, duel!$AF:$AG, 2, FALSE), 0) -> 0 | AD6: =IFERROR(VLOOKUP($B6, blitz!$AF:$AG, 2, FALSE), 0) -> 0 | AE6: =AND(AB6=AC6, AC6=AD6) -> TRUE | AF6: =IFERROR(VLOOKUP($B6, aegis!$AK:$AL, 2, FALSE), 0) -> 0 | AG6: =IFERROR(VLOOKUP($B6, duel!$AK:$AL, 2, FALSE), 0) -> 0 | AH6: =IFERROR(VLOOKUP($B6, blitz!$AK:$AL, 2, FALSE), 0) -> 0 | AI6: =AND(AF6=AG6, AG6=AH6) -> TRUE | AJ6: =IFERROR(VLOOKUP($B6, aegis!$AP:$AQ, 2, FALSE), 0) -> 1 | AK6: =IFERROR(VLOOKUP($B6, duel!$AP:$AQ, 2, FALSE), 0) -> 1 | AL6: =IFERROR(VLOOKUP($B6, blitz!$AP:$AQ, 2, FALSE), 0) -> 1 | AM6: =AND(AJ6=AK6, AK6=AL6) -> TRUE | AN6: =IFERROR(VLOOKUP($B6, aegis!$AU:$AV, 2, FALSE), 0) -> 0 | AO6: =IFERROR(VLOOKUP($B6, duel!$AU:$AV, 2, FALSE), 0) -> 0 | AP6: =IFERROR(VLOOKUP($B6, blitz!$AU:$AV, 2, FALSE), 0) -> 0 | AQ6: =AND(AN6=AO6, AO6=AP6) -> TRUE | AR6: =IFERROR(VLOOKUP($B6, aegis!$AZ:$BA, 2, FALSE), 0) -> 1 | AS6: =IFERROR(VLOOKUP($B6, duel!$AZ:$BA, 2, FALSE), 0) -> 1 | AT6: =IFERROR(VLOOKUP($B6, blitz!$AZ:$BA, 2, FALSE), 0) -> 1 | AU6: =AND(AR6=AS6, AS6=AT6) -> TRUE | AV6: =IFERROR(VLOOKUP($B6, aegis!$BE:$BF, 2, FALSE), 0) -> 0 | AW6: =IFERROR(VLOOKUP($B6, duel!$BE:$BF, 2, FALSE), 0) -> 0 | AX6: =IFERROR(VLOOKUP($B6, blitz!$BE:$BF, 2, FALSE), 0) -> 0 | AY6: =AND(AV6=AW6, AW6=AX6) -> TRUE | AZ6: =IFERROR(VLOOKUP($B6, aegis!$BJ:$BK, 2, FALSE), 0) -> 0 | BA6: =IFERROR(VLOOKUP($B6, duel!$BJ:$BK, 2, FALSE), 0) -> 0 | BB6: =IFERROR(VLOOKUP($B6, blitz!$BJ:$BK, 2, FALSE), 0) -> 0 | BC6: =AND(AZ6=BA6, BA6=BB6) -> TRUE | BD6: =IFERROR(VLOOKUP($B6, aegis!$BO:$BP, 2, FALSE), 0) -> 0 | BE6: =IFERROR(VLOOKUP($B6, duel!$BO:$BP, 2, FALSE), 0) -> 0 | BF6: =IFERROR(VLOOKUP($B6, blitz!$BO:$BP, 2, FALSE), 0) -> 0 | BG6: =AND(BD6=BE6, BE6=BF6) -> TRUE | BH6: =IFERROR(VLOOKUP($B6, aegis!$BT:$BU, 2, FALSE), 0) -> 0 | BI6: =IFERROR(VLOOKUP($B6, duel!$BT:$BU, 2, FALSE), 0) -> 0 | BJ6: =IFERROR(VLOOKUP($B6, blitz!$BT:$BU, 2, FALSE), 0) -> 0 | BK6: =AND(BH6=BI6, BI6=BJ6) -> TRUE | BL6: =IFERROR(VLOOKUP($B6, aegis!$BY:$BZ, 2, FALSE), 0) -> 0 | BM6: =IFERROR(VLOOKUP($B6, duel!$BY:$BZ, 2, FALSE), 0) -> 0 | BN6: =IFERROR(VLOOKUP($B6, blitz!$BY:$BZ, 2, FALSE), 0) -> 0 | BO6: =AND(BL6=BM6, BM6=BN6) -> TRUE | BP6: =IFERROR(VLOOKUP($B6, aegis!$CD:$CE, 2, FALSE), 0) -> 0 | BQ6: =IFERROR(VLOOKUP($B6, duel!$CD:$CE, 2, FALSE), 0) -> 0 | BR6: =IFERROR(VLOOKUP($B6, blitz!$CD:$CE, 2, FALSE), 0) -> 0 | BS6: =AND(BP6=BQ6, BQ6=BR6) -> TRUE | BT6: =IFERROR(VLOOKUP($B6, aegis!$CI:$CJ, 2, FALSE), 0) -> 0 | BU6: =IFERROR(VLOOKUP($B6, duel!$CI:$CJ, 2, FALSE), 0) -> 0 | BV6: =IFERROR(VLOOKUP($B6, blitz!$CI:$CJ, 2, FALSE), 0) -> 0 | BW6: =AND(BT6=BU6, BU6=BV6) -> TRUE | BX6: =IFERROR(VLOOKUP($B6, aegis!$CN:$CO, 2, FALSE), 0) -> 0 | BY6: =IFERROR(VLOOKUP($B6, duel!$CN:$CO, 2, FALSE), 0) -> 0 | BZ6: =IFERROR(VLOOKUP($B6, blitz!$CN:$CO, 2, FALSE), 0) -> 0 | CA6: =AND(BX6=BY6, BY6=BZ6) -> TRUE | CB6: =IFERROR(VLOOKUP($B6, aegis!$CS:$CT, 2, FALSE), 0) -> 0 | CC6: =IFERROR(VLOOKUP($B6, duel!$CS:$CT, 2, FALSE), 0) -> 0 | CD6: =IFERROR(VLOOKUP($B6, blitz!$CS:$CT, 2, FALSE), 0) -> 0 | CE6: =AND(CB6=CC6, CC6=CD6) -> TRUE | CF6: =IFERROR(VLOOKUP($B6, aegis!$CX:$CY, 2, FALSE), 0) -> 0 | CG6: =IFERROR(VLOOKUP($B6, duel!$CX:$CY, 2, FALSE), 0) -> 0 | CH6: =IFERROR(VLOOKUP($B6, blitz!$CX:$CY, 2, FALSE), 0) -> 0 | CI6: =AND(CF6=CG6, CG6=CH6) -> TRUE | CJ6: =IFERROR(VLOOKUP($B6, aegis!$DC:$DD, 2, FALSE), 0) -> 0 | CK6: =IFERROR(VLOOKUP($B6, duel!$DC:$DD, 2, FALSE), 0) -> 0 | CL6: =IFERROR(VLOOKUP($B6, blitz!$DC:$DD, 2, FALSE), 0) -> 0 | CM6: =AND(CJ6=CK6, CK6=CL6) -> TRUE | CN6: =IFERROR(VLOOKUP($B6, aegis!$DH:$DI, 2, FALSE), 0) -> 0 | CO6: =IFERROR(VLOOKUP($B6, duel!$DH:$DI, 2, FALSE), 0) -> 0 | CP6: =IFERROR(VLOOKUP($B6, blitz!$DH:$DI, 2, FALSE), 0) -> 0 | CQ6: =AND(CN6=CO6) -> TRUE | CR6: =IFERROR(VLOOKUP($B6, aegis!$DM:$DN, 2, FALSE), 0) -> 0 | CS6: =IFERROR(VLOOKUP($B6, duel!$DM:$DN, 2, FALSE), 0) -> 0 | CT6: =IFERROR(VLOOKUP($B6, blitz!$DM:$DN, 2, FALSE), 0) -> 0 | CU6: =AND(CR6=CS6, CS6=CT6) -> TRUE | CV6: =IFERROR(VLOOKUP($B6, aegis!$DR:$DS, 2, FALSE), 0) -> 0 | CW6: =IFERROR(VLOOKUP($B6, duel!$DR:$DS, 2, FALSE), 0) -> 0 | CX6: =IFERROR(VLOOKUP($B6, blitz!$DR:$DS, 2, FALSE), 0) -> 0 | CY6: =AND(CV6=CW6, CW6=CX6) -> TRUE
B7: 00000003 | C7: =AND(G7,K7,O7,S7,W7,AA7,AE7,AI7,AM7,AQ7,AU7,AY7,BC7,BG7,BK7,BO7,BS7,BW7,CA7,CE7,CI7,CM7,CQ7,CU7,CY7) -> TRUE | D7: =IFERROR(VLOOKUP($B7, aegis!$B:$C, 2, FALSE), 0) -> 0 | E7: =IFERROR(VLOOKUP($B7, duel!$B:$C, 2, FALSE), 0) -> 0 | F7: =IFERROR(VLOOKUP($B7, blitz!$B:$C, 2, FALSE), 0) -> 0 | G7: =AND(D7=E7, E7=F7) -> TRUE | H7: =IFERROR(VLOOKUP($B7, aegis!$G:$H, 2, FALSE), 0) -> 0 | I7: =IFERROR(VLOOKUP($B7, duel!$G:$H, 2, FALSE), 0) -> 0 | J7: =IFERROR(VLOOKUP($B7, blitz!$G:$H, 2, FALSE), 0) -> 0 | K7: =AND(H7=I7, I7=J7) -> TRUE | L7: =IFERROR(VLOOKUP($B7, aegis!$L:$M, 2, FALSE), 0) -> 12 | M7: =IFERROR(VLOOKUP($B7, duel!$L:$M, 2, FALSE), 0) -> 12 | N7: =IFERROR(VLOOKUP($B7, blitz!$L:$M, 2, FALSE), 0) -> 12 | O7: =AND(L7=M7, M7=N7) -> TRUE | P7: =IFERROR(VLOOKUP($B7, aegis!$Q:$R, 2, FALSE), 0) -> 7 | Q7: =IFERROR(VLOOKUP($B7, duel!$Q:$R, 2, FALSE), 0) -> 7 | R7: =IFERROR(VLOOKUP($B7, blitz!$Q:$R, 2, FALSE), 0) -> 7 | S7: =AND(P7=Q7, Q7=R7) -> TRUE | T7: =IFERROR(VLOOKUP($B7, aegis!$V:$W, 2, FALSE), 0) -> 0 | U7: =IFERROR(VLOOKUP($B7, duel!$V:$W, 2, FALSE), 0) -> 0 | V7: =IFERROR(VLOOKUP($B7, blitz!$V:$W, 2, FALSE), 0) -> 0 | W7: =AND(T7=U7, U7=V7) -> TRUE | X7: =IFERROR(VLOOKUP($B7, aegis!$AA:$AB, 2, FALSE), 0) -> 1 | Y7: =IFERROR(VLOOKUP($B7, duel!$AA:$AB, 2, FALSE), 0) -> 1 | Z7: =IFERROR(VLOOKUP($B7, blitz!$AA:$AB, 2, FALSE), 0) -> 1 | AA7: =AND(X7=Y7, Y7=Z7) -> TRUE | AB7: =IFERROR(VLOOKUP($B7, aegis!$AF:$AG, 2, FALSE), 0) -> 0 | AC7: =IFERROR(VLOOKUP($B7, duel!$AF:$AG, 2, FALSE), 0) -> 0 | AD7: =IFERROR(VLOOKUP($B7, blitz!$AF:$AG, 2, FALSE), 0) -> 0 | AE7: =AND(AB7=AC7, AC7=AD7) -> TRUE | AF7: =IFERROR(VLOOKUP($B7, aegis!$AK:$AL, 2, FALSE), 0) -> 0 | AG7: =IFERROR(VLOOKUP($B7, duel!$AK:$AL, 2, FALSE), 0) -> 0 | AH7: =IFERROR(VLOOKUP($B7, blitz!$AK:$AL, 2, FALSE), 0) -> 0 | AI7: =AND(AF7=AG7, AG7=AH7) -> TRUE | AJ7: =IFERROR(VLOOKUP($B7, aegis!$AP:$AQ, 2, FALSE), 0) -> 1 | AK7: =IFERROR(VLOOKUP($B7, duel!$AP:$AQ, 2, FALSE), 0) -> 1 | AL7: =IFERROR(VLOOKUP($B7, blitz!$AP:$AQ, 2, FALSE), 0) -> 1 | AM7: =AND(AJ7=AK7, AK7=AL7) -> TRUE | AN7: =IFERROR(VLOOKUP($B7, aegis!$AU:$AV, 2, FALSE), 0) -> 0 | AO7: =IFERROR(VLOOKUP($B7, duel!$AU:$AV, 2, FALSE), 0) -> 0 | AP7: =IFERROR(VLOOKUP($B7, blitz!$AU:$AV, 2, FALSE), 0) -> 0 | AQ7: =AND(AN7=AO7, AO7=AP7) -> TRUE | AR7: =IFERROR(VLOOKUP($B7, aegis!$AZ:$BA, 2, FALSE), 0) -> 1 | AS7: =IFERROR(VLOOKUP($B7, duel!$AZ:$BA, 2, FALSE), 0) -> 1 | AT7: =IFERROR(VLOOKUP($B7, blitz!$AZ:$BA, 2, FALSE), 0) -> 1 | AU7: =AND(AR7=AS7, AS7=AT7) -> TRUE | AV7: =IFERROR(VLOOKUP($B7, aegis!$BE:$BF, 2, FALSE), 0) -> 0 | AW7: =IFERROR(VLOOKUP($B7, duel!$BE:$BF, 2, FALSE), 0) -> 0 | AX7: =IFERROR(VLOOKUP($B7, blitz!$BE:$BF, 2, FALSE), 0) -> 0 | AY7: =AND(AV7=AW7, AW7=AX7) -> TRUE | AZ7: =IFERROR(VLOOKUP($B7, aegis!$BJ:$BK, 2, FALSE), 0) -> 0 | BA7: =IFERROR(VLOOKUP($B7, duel!$BJ:$BK, 2, FALSE), 0) -> 0 | BB7: =IFERROR(VLOOKUP($B7, blitz!$BJ:$BK, 2, FALSE), 0) -> 0 | BC7: =AND(AZ7=BA7, BA7=BB7) -> TRUE | BD7: =IFERROR(VLOOKUP($B7, aegis!$BO:$BP, 2, FALSE), 0) -> 0 | BE7: =IFERROR(VLOOKUP($B7, duel!$BO:$BP, 2, FALSE), 0) -> 0 | BF7: =IFERROR(VLOOKUP($B7, blitz!$BO:$BP, 2, FALSE), 0) -> 0 | BG7: =AND(BD7=BE7, BE7=BF7) -> TRUE | BH7: =IFERROR(VLOOKUP($B7, aegis!$BT:$BU, 2, FALSE), 0) -> 0 | BI7: =IFERROR(VLOOKUP($B7, duel!$BT:$BU, 2, FALSE), 0) -> 0 | BJ7: =IFERROR(VLOOKUP($B7, blitz!$BT:$BU, 2, FALSE), 0) -> 0 | BK7: =AND(BH7=BI7, BI7=BJ7) -> TRUE | BL7: =IFERROR(VLOOKUP($B7, aegis!$BY:$BZ, 2, FALSE), 0) -> 0 | BM7: =IFERROR(VLOOKUP($B7, duel!$BY:$BZ, 2, FALSE), 0) -> 0 | BN7: =IFERROR(VLOOKUP($B7, blitz!$BY:$BZ, 2, FALSE), 0) -> 0 | BO7: =AND(BL7=BM7, BM7=BN7) -> TRUE | BP7: =IFERROR(VLOOKUP($B7, aegis!$CD:$CE, 2, FALSE), 0) -> 0 | BQ7: =IFERROR(VLOOKUP($B7, duel!$CD:$CE, 2, FALSE), 0) -> 0 | BR7: =IFERROR(VLOOKUP($B7, blitz!$CD:$CE, 2, FALSE), 0) -> 0 | BS7: =AND(BP7=BQ7, BQ7=BR7) -> TRUE | BT7: =IFERROR(VLOOKUP($B7, aegis!$CI:$CJ, 2, FALSE), 0) -> 0 | BU7: =IFERROR(VLOOKUP($B7, duel!$CI:$CJ, 2, FALSE), 0) -> 0 | BV7: =IFERROR(VLOOKUP($B7, blitz!$CI:$CJ, 2, FALSE), 0) -> 0 | BW7: =AND(BT7=BU7, BU7=BV7) -> TRUE | BX7: =IFERROR(VLOOKUP($B7, aegis!$CN:$CO, 2, FALSE), 0) -> 0 | BY7: =IFERROR(VLOOKUP($B7, duel!$CN:$CO, 2, FALSE), 0) -> 0 | BZ7: =IFERROR(VLOOKUP($B7, blitz!$CN:$CO, 2, FALSE), 0) -> 0 | CA7: =AND(BX7=BY7, BY7=BZ7) -> TRUE | CB7: =IFERROR(VLOOKUP($B7, aegis!$CS:$CT, 2, FALSE), 0) -> 0 | CC7: =IFERROR(VLOOKUP($B7, duel!$CS:$CT, 2, FALSE), 0) -> 0 | CD7: =IFERROR(VLOOKUP($B7, blitz!$CS:$CT, 2, FALSE), 0) -> 0 | CE7: =AND(CB7=CC7, CC7=CD7) -> TRUE | CF7: =IFERROR(VLOOKUP($B7, aegis!$CX:$CY, 2, FALSE), 0) -> 0 | CG7: =IFERROR(VLOOKUP($B7, duel!$CX:$CY, 2, FALSE), 0) -> 0 | CH7: =IFERROR(VLOOKUP($B7, blitz!$CX:$CY, 2, FALSE), 0) -> 0 | CI7: =AND(CF7=CG7, CG7=CH7) -> TRUE | CJ7: =IFERROR(VLOOKUP($B7, aegis!$DC:$DD, 2, FALSE), 0) -> 0 | CK7: =IFERROR(VLOOKUP($B7, duel!$DC:$DD, 2, FALSE), 0) -> 0 | CL7: =IFERROR(VLOOKUP($B7, blitz!$DC:$DD, 2, FALSE), 0) -> 0 | CM7: =AND(CJ7=CK7, CK7=CL7) -> TRUE | CN7: =IFERROR(VLOOKUP($B7, aegis!$DH:$DI, 2, FALSE), 0) -> 0 | CO7: =IFERROR(VLOOKUP($B7, duel!$DH:$DI, 2, FALSE), 0) -> 0 | CP7: =IFERROR(VLOOKUP($B7, blitz!$DH:$DI, 2, FALSE), 0) -> 0 | CQ7: =AND(CN7=CO7) -> TRUE | CR7: =IFERROR(VLOOKUP($B7, aegis!$DM:$DN, 2, FALSE), 0) -> 0 | CS7: =IFERROR(VLOOKUP($B7, duel!$DM:$DN, 2, FALSE), 0) -> 0 | CT7: =IFERROR(VLOOKUP($B7, blitz!$DM:$DN, 2, FALSE), 0) -> 0 | CU7: =AND(CR7=CS7, CS7=CT7) -> TRUE | CV7: =IFERROR(VLOOKUP($B7, aegis!$DR:$DS, 2, FALSE), 0) -> 0 | CW7: =IFERROR(VLOOKUP($B7, duel!$DR:$DS, 2, FALSE), 0) -> 0 | CX7: =IFERROR(VLOOKUP($B7, blitz!$DR:$DS, 2, FALSE), 0) -> 0 | CY7: =AND(CV7=CW7, CW7=CX7) -> TRUE
B8: 00000004 | C8: =AND(G8,K8,O8,S8,W8,AA8,AE8,AI8,AM8,AQ8,AU8,AY8,BC8,BG8,BK8,BO8,BS8,BW8,CA8,CE8,CI8,CM8,CQ8,CU8,CY8) -> TRUE | D8: =IFERROR(VLOOKUP($B8, aegis!$B:$C, 2, FALSE), 0) -> 0 | E8: =IFERROR(VLOOKUP($B8, duel!$B:$C, 2, FALSE), 0) -> 0 | F8: =IFERROR(VLOOKUP($B8, blitz!$B:$C, 2, FALSE), 0) -> 0 | G8: =AND(D8=E8, E8=F8) -> TRUE | H8: =IFERROR(VLOOKUP($B8, aegis!$G:$H, 2, FALSE), 0) -> 0 | I8: =IFERROR(VLOOKUP($B8, duel!$G:$H, 2, FALSE), 0) -> 0 | J8: =IFERROR(VLOOKUP($B8, blitz!$G:$H, 2, FALSE), 0) -> 0 | K8: =AND(H8=I8, I8=J8) -> TRUE | L8: =IFERROR(VLOOKUP($B8, aegis!$L:$M, 2, FALSE), 0) -> 12 | M8: =IFERROR(VLOOKUP($B8, duel!$L:$M, 2, FALSE), 0) -> 12 | N8: =IFERROR(VLOOKUP($B8, blitz!$L:$M, 2, FALSE), 0) -> 12 | O8: =AND(L8=M8, M8=N8) -> TRUE | P8: =IFERROR(VLOOKUP($B8, aegis!$Q:$R, 2, FALSE), 0) -> 7 | Q8: =IFERROR(VLOOKUP($B8, duel!$Q:$R, 2, FALSE), 0) -> 7 | R8: =IFERROR(VLOOKUP($B8, blitz!$Q:$R, 2, FALSE), 0) -> 7 | S8: =AND(P8=Q8, Q8=R8) -> TRUE | T8: =IFERROR(VLOOKUP($B8, aegis!$V:$W, 2, FALSE), 0) -> 0 | U8: =IFERROR(VLOOKUP($B8, duel!$V:$W, 2, FALSE), 0) -> 0 | V8: =IFERROR(VLOOKUP($B8, blitz!$V:$W, 2, FALSE), 0) -> 0 | W8: =AND(T8=U8, U8=V8) -> TRUE | X8: =IFERROR(VLOOKUP($B8, aegis!$AA:$AB, 2, FALSE), 0) -> 1 | Y8: =IFERROR(VLOOKUP($B8, duel!$AA:$AB, 2, FALSE), 0) -> 1 | Z8: =IFERROR(VLOOKUP($B8, blitz!$AA:$AB, 2, FALSE), 0) -> 1 | AA8: =AND(X8=Y8, Y8=Z8) -> TRUE | AB8: =IFERROR(VLOOKUP($B8, aegis!$AF:$AG, 2, FALSE), 0) -> 0 | AC8: =IFERROR(VLOOKUP($B8, duel!$AF:$AG, 2, FALSE), 0) -> 0 | AD8: =IFERROR(VLOOKUP($B8, blitz!$AF:$AG, 2, FALSE), 0) -> 0 | AE8: =AND(AB8=AC8, AC8=AD8) -> TRUE | AF8: =IFERROR(VLOOKUP($B8, aegis!$AK:$AL, 2, FALSE), 0) -> 0 | AG8: =IFERROR(VLOOKUP($B8, duel!$AK:$AL, 2, FALSE), 0) -> 0 | AH8: =IFERROR(VLOOKUP($B8, blitz!$AK:$AL, 2, FALSE), 0) -> 0 | AI8: =AND(AF8=AG8, AG8=AH8) -> TRUE | AJ8: =IFERROR(VLOOKUP($B8, aegis!$AP:$AQ, 2, FALSE), 0) -> 1 | AK8: =IFERROR(VLOOKUP($B8, duel!$AP:$AQ, 2, FALSE), 0) -> 1 | AL8: =IFERROR(VLOOKUP($B8, blitz!$AP:$AQ, 2, FALSE), 0) -> 1 | AM8: =AND(AJ8=AK8, AK8=AL8) -> TRUE | AN8: =IFERROR(VLOOKUP($B8, aegis!$AU:$AV, 2, FALSE), 0) -> 0 | AO8: =IFERROR(VLOOKUP($B8, duel!$AU:$AV, 2, FALSE), 0) -> 0 | AP8: =IFERROR(VLOOKUP($B8, blitz!$AU:$AV, 2, FALSE), 0) -> 0 | AQ8: =AND(AN8=AO8, AO8=AP8) -> TRUE | AR8: =IFERROR(VLOOKUP($B8, aegis!$AZ:$BA, 2, FALSE), 0) -> 1 | AS8: =IFERROR(VLOOKUP($B8, duel!$AZ:$BA, 2, FALSE), 0) -> 1 | AT8: =IFERROR(VLOOKUP($B8, blitz!$AZ:$BA, 2, FALSE), 0) -> 1 | AU8: =AND(AR8=AS8, AS8=AT8) -> TRUE | AV8: =IFERROR(VLOOKUP($B8, aegis!$BE:$BF, 2, FALSE), 0) -> 0 | AW8: =IFERROR(VLOOKUP($B8, duel!$BE:$BF, 2, FALSE), 0) -> 0 | AX8: =IFERROR(VLOOKUP($B8, blitz!$BE:$BF, 2, FALSE), 0) -> 0 | AY8: =AND(AV8=AW8, AW8=AX8) -> TRUE | AZ8: =IFERROR(VLOOKUP($B8, aegis!$BJ:$BK, 2, FALSE), 0) -> 0 | BA8: =IFERROR(VLOOKUP($B8, duel!$BJ:$BK, 2, FALSE), 0) -> 0 | BB8: =IFERROR(VLOOKUP($B8, blitz!$BJ:$BK, 2, FALSE), 0) -> 0 | BC8: =AND(AZ8=BA8, BA8=BB8) -> TRUE | BD8: =IFERROR(VLOOKUP($B8, aegis!$BO:$BP, 2, FALSE), 0) -> 0 | BE8: =IFERROR(VLOOKUP($B8, duel!$BO:$BP, 2, FALSE), 0) -> 0 | BF8: =IFERROR(VLOOKUP($B8, blitz!$BO:$BP, 2, FALSE), 0) -> 0 | BG8: =AND(BD8=BE8, BE8=BF8) -> TRUE | BH8: =IFERROR(VLOOKUP($B8, aegis!$BT:$BU, 2, FALSE), 0) -> 0 | BI8: =IFERROR(VLOOKUP($B8, duel!$BT:$BU, 2, FALSE), 0) -> 0 | BJ8: =IFERROR(VLOOKUP($B8, blitz!$BT:$BU, 2, FALSE), 0) -> 0 | BK8: =AND(BH8=BI8, BI8=BJ8) -> TRUE | BL8: =IFERROR(VLOOKUP($B8, aegis!$BY:$BZ, 2, FALSE), 0) -> 0 | BM8: =IFERROR(VLOOKUP($B8, duel!$BY:$BZ, 2, FALSE), 0) -> 0 | BN8: =IFERROR(VLOOKUP($B8, blitz!$BY:$BZ, 2, FALSE), 0) -> 0 | BO8: =AND(BL8=BM8, BM8=BN8) -> TRUE | BP8: =IFERROR(VLOOKUP($B8, aegis!$CD:$CE, 2, FALSE), 0) -> 0 | BQ8: =IFERROR(VLOOKUP($B8, duel!$CD:$CE, 2, FALSE), 0) -> 0 | BR8: =IFERROR(VLOOKUP($B8, blitz!$CD:$CE, 2, FALSE), 0) -> 0 | BS8: =AND(BP8=BQ8, BQ8=BR8) -> TRUE | BT8: =IFERROR(VLOOKUP($B8, aegis!$CI:$CJ, 2, FALSE), 0) -> 0 | BU8: =IFERROR(VLOOKUP($B8, duel!$CI:$CJ, 2, FALSE), 0) -> 0 | BV8: =IFERROR(VLOOKUP($B8, blitz!$CI:$CJ, 2, FALSE), 0) -> 0 | BW8: =AND(BT8=BU8, BU8=BV8) -> TRUE | BX8: =IFERROR(VLOOKUP($B8, aegis!$CN:$CO, 2, FALSE), 0) -> 0 | BY8: =IFERROR(VLOOKUP($B8, duel!$CN:$CO, 2, FALSE), 0) -> 0 | BZ8: =IFERROR(VLOOKUP($B8, blitz!$CN:$CO, 2, FALSE), 0) -> 0 | CA8: =AND(BX8=BY8, BY8=BZ8) -> TRUE | CB8: =IFERROR(VLOOKUP($B8, aegis!$CS:$CT, 2, FALSE), 0) -> 0 | CC8: =IFERROR(VLOOKUP($B8, duel!$CS:$CT, 2, FALSE), 0) -> 0 | CD8: =IFERROR(VLOOKUP($B8, blitz!$CS:$CT, 2, FALSE), 0) -> 0 | CE8: =AND(CB8=CC8, CC8=CD8) -> TRUE | CF8: =IFERROR(VLOOKUP($B8, aegis!$CX:$CY, 2, FALSE), 0) -> 0 | CG8: =IFERROR(VLOOKUP($B8, duel!$CX:$CY, 2, FALSE), 0) -> 0 | CH8: =IFERROR(VLOOKUP($B8, blitz!$CX:$CY, 2, FALSE), 0) -> 0 | CI8: =AND(CF8=CG8, CG8=CH8) -> TRUE | CJ8: =IFERROR(VLOOKUP($B8, aegis!$DC:$DD, 2, FALSE), 0) -> 0 | CK8: =IFERROR(VLOOKUP($B8, duel!$DC:$DD, 2, FALSE), 0) -> 0 | CL8: =IFERROR(VLOOKUP($B8, blitz!$DC:$DD, 2, FALSE), 0) -> 0 | CM8: =AND(CJ8=CK8, CK8=CL8) -> TRUE | CN8: =IFERROR(VLOOKUP($B8, aegis!$DH:$DI, 2, FALSE), 0) -> 0 | CO8: =IFERROR(VLOOKUP($B8, duel!$DH:$DI, 2, FALSE), 0) -> 0 | CP8: =IFERROR(VLOOKUP($B8, blitz!$DH:$DI, 2, FALSE), 0) -> 0 | CQ8: =AND(CN8=CO8) -> TRUE | CR8: =IFERROR(VLOOKUP($B8, aegis!$DM:$DN, 2, FALSE), 0) -> 0 | CS8: =IFERROR(VLOOKUP($B8, duel!$DM:$DN, 2, FALSE), 0) -> 0 | CT8: =IFERROR(VLOOKUP($B8, blitz!$DM:$DN, 2, FALSE), 0) -> 0 | CU8: =AND(CR8=CS8, CS8=CT8) -> TRUE | CV8: =IFERROR(VLOOKUP($B8, aegis!$DR:$DS, 2, FALSE), 0) -> 0 | CW8: =IFERROR(VLOOKUP($B8, duel!$DR:$DS, 2, FALSE), 0) -> 0 | CX8: =IFERROR(VLOOKUP($B8, blitz!$DR:$DS, 2, FALSE), 0) -> 0 | CY8: =AND(CV8=CW8, CW8=CX8) -> TRUE
B9: 00000005 | C9: =AND(G9,K9,O9,S9,W9,AA9,AE9,AI9,AM9,AQ9,AU9,AY9,BC9,BG9,BK9,BO9,BS9,BW9,CA9,CE9,CI9,CM9,CQ9,CU9,CY9) -> TRUE | D9: =IFERROR(VLOOKUP($B9, aegis!$B:$C, 2, FALSE), 0) -> 0 | E9: =IFERROR(VLOOKUP($B9, duel!$B:$C, 2, FALSE), 0) -> 0 | F9: =IFERROR(VLOOKUP($B9, blitz!$B:$C, 2, FALSE), 0) -> 0 | G9: =AND(D9=E9, E9=F9) -> TRUE | H9: =IFERROR(VLOOKUP($B9, aegis!$G:$H, 2, FALSE), 0) -> 0 | I9: =IFERROR(VLOOKUP($B9, duel!$G:$H, 2, FALSE), 0) -> 0 | J9: =IFERROR(VLOOKUP($B9, blitz!$G:$H, 2, FALSE), 0) -> 0 | K9: =AND(H9=I9, I9=J9) -> TRUE | L9: =IFERROR(VLOOKUP($B9, aegis!$L:$M, 2, FALSE), 0) -> 12 | M9: =IFERROR(VLOOKUP($B9, duel!$L:$M, 2, FALSE), 0) -> 12 | N9: =IFERROR(VLOOKUP($B9, blitz!$L:$M, 2, FALSE), 0) -> 12 | O9: =AND(L9=M9, M9=N9) -> TRUE | P9: =IFERROR(VLOOKUP($B9, aegis!$Q:$R, 2, FALSE), 0) -> 7 | Q9: =IFERROR(VLOOKUP($B9, duel!$Q:$R, 2, FALSE), 0) -> 7 | R9: =IFERROR(VLOOKUP($B9, blitz!$Q:$R, 2, FALSE), 0) -> 7 | S9: =AND(P9=Q9, Q9=R9) -> TRUE | T9: =IFERROR(VLOOKUP($B9, aegis!$V:$W, 2, FALSE), 0) -> 0 | U9: =IFERROR(VLOOKUP($B9, duel!$V:$W, 2, FALSE), 0) -> 0 | V9: =IFERROR(VLOOKUP($B9, blitz!$V:$W, 2, FALSE), 0) -> 0 | W9: =AND(T9=U9, U9=V9) -> TRUE | X9: =IFERROR(VLOOKUP($B9, aegis!$AA:$AB, 2, FALSE), 0) -> 1 | Y9: =IFERROR(VLOOKUP($B9, duel!$AA:$AB, 2, FALSE), 0) -> 1 | Z9: =IFERROR(VLOOKUP($B9, blitz!$AA:$AB, 2, FALSE), 0) -> 1 | AA9: =AND(X9=Y9, Y9=Z9) -> TRUE | AB9: =IFERROR(VLOOKUP($B9, aegis!$AF:$AG, 2, FALSE), 0) -> 0 | AC9: =IFERROR(VLOOKUP($B9, duel!$AF:$AG, 2, FALSE), 0) -> 0 | AD9: =IFERROR(VLOOKUP($B9, blitz!$AF:$AG, 2, FALSE), 0) -> 0 | AE9: =AND(AB9=AC9, AC9=AD9) -> TRUE | AF9: =IFERROR(VLOOKUP($B9, aegis!$AK:$AL, 2, FALSE), 0) -> 0 | AG9: =IFERROR(VLOOKUP($B9, duel!$AK:$AL, 2, FALSE), 0) -> 0 | AH9: =IFERROR(VLOOKUP($B9, blitz!$AK:$AL, 2, FALSE), 0) -> 0 | AI9: =AND(AF9=AG9, AG9=AH9) -> TRUE | AJ9: =IFERROR(VLOOKUP($B9, aegis!$AP:$AQ, 2, FALSE), 0) -> 1 | AK9: =IFERROR(VLOOKUP($B9, duel!$AP:$AQ, 2, FALSE), 0) -> 1 | AL9: =IFERROR(VLOOKUP($B9, blitz!$AP:$AQ, 2, FALSE), 0) -> 1 | AM9: =AND(AJ9=AK9, AK9=AL9) -> TRUE | AN9: =IFERROR(VLOOKUP($B9, aegis!$AU:$AV, 2, FALSE), 0) -> 0 | AO9: =IFERROR(VLOOKUP($B9, duel!$AU:$AV, 2, FALSE), 0) -> 0 | AP9: =IFERROR(VLOOKUP($B9, blitz!$AU:$AV, 2, FALSE), 0) -> 0 | AQ9: =AND(AN9=AO9, AO9=AP9) -> TRUE | AR9: =IFERROR(VLOOKUP($B9, aegis!$AZ:$BA, 2, FALSE), 0) -> 1 | AS9: =IFERROR(VLOOKUP($B9, duel!$AZ:$BA, 2, FALSE), 0) -> 1 | AT9: =IFERROR(VLOOKUP($B9, blitz!$AZ:$BA, 2, FALSE), 0) -> 1 | AU9: =AND(AR9=AS9, AS9=AT9) -> TRUE | AV9: =IFERROR(VLOOKUP($B9, aegis!$BE:$BF, 2, FALSE), 0) -> 0 | AW9: =IFERROR(VLOOKUP($B9, duel!$BE:$BF, 2, FALSE), 0) -> 0 | AX9: =IFERROR(VLOOKUP($B9, blitz!$BE:$BF, 2, FALSE), 0) -> 0 | AY9: =AND(AV9=AW9, AW9=AX9) -> TRUE | AZ9: =IFERROR(VLOOKUP($B9, aegis!$BJ:$BK, 2, FALSE), 0) -> 0 | BA9: =IFERROR(VLOOKUP($B9, duel!$BJ:$BK, 2, FALSE), 0) -> 0 | BB9: =IFERROR(VLOOKUP($B9, blitz!$BJ:$BK, 2, FALSE), 0) -> 0 | BC9: =AND(AZ9=BA9, BA9=BB9) -> TRUE | BD9: =IFERROR(VLOOKUP($B9, aegis!$BO:$BP, 2, FALSE), 0) -> 0 | BE9: =IFERROR(VLOOKUP($B9, duel!$BO:$BP, 2, FALSE), 0) -> 0 | BF9: =IFERROR(VLOOKUP($B9, blitz!$BO:$BP, 2, FALSE), 0) -> 0 | BG9: =AND(BD9=BE9, BE9=BF9) -> TRUE | BH9: =IFERROR(VLOOKUP($B9, aegis!$BT:$BU, 2, FALSE), 0) -> 0 | BI9: =IFERROR(VLOOKUP($B9, duel!$BT:$BU, 2, FALSE), 0) -> 0 | BJ9: =IFERROR(VLOOKUP($B9, blitz!$BT:$BU, 2, FALSE), 0) -> 0 | BK9: =AND(BH9=BI9, BI9=BJ9) -> TRUE | BL9: =IFERROR(VLOOKUP($B9, aegis!$BY:$BZ, 2, FALSE), 0) -> 0 | BM9: =IFERROR(VLOOKUP($B9, duel!$BY:$BZ, 2, FALSE), 0) -> 0 | BN9: =IFERROR(VLOOKUP($B9, blitz!$BY:$BZ, 2, FALSE), 0) -> 0 | BO9: =AND(BL9=BM9, BM9=BN9) -> TRUE | BP9: =IFERROR(VLOOKUP($B9, aegis!$CD:$CE, 2, FALSE), 0) -> 0 | BQ9: =IFERROR(VLOOKUP($B9, duel!$CD:$CE, 2, FALSE), 0) -> 0 | BR9: =IFERROR(VLOOKUP($B9, blitz!$CD:$CE, 2, FALSE), 0) -> 0 | BS9: =AND(BP9=BQ9, BQ9=BR9) -> TRUE | BT9: =IFERROR(VLOOKUP($B9, aegis!$CI:$CJ, 2, FALSE), 0) -> 0 | BU9: =IFERROR(VLOOKUP($B9, duel!$CI:$CJ, 2, FALSE), 0) -> 0 | BV9: =IFERROR(VLOOKUP($B9, blitz!$CI:$CJ, 2, FALSE), 0) -> 0 | BW9: =AND(BT9=BU9, BU9=BV9) -> TRUE | BX9: =IFERROR(VLOOKUP($B9, aegis!$CN:$CO, 2, FALSE), 0) -> 0 | BY9: =IFERROR(VLOOKUP($B9, duel!$CN:$CO, 2, FALSE), 0) -> 0 | BZ9: =IFERROR(VLOOKUP($B9, blitz!$CN:$CO, 2, FALSE), 0) -> 0 | CA9: =AND(BX9=BY9, BY9=BZ9) -> TRUE | CB9: =IFERROR(VLOOKUP($B9, aegis!$CS:$CT, 2, FALSE), 0) -> 0 | CC9: =IFERROR(VLOOKUP($B9, duel!$CS:$CT, 2, FALSE), 0) -> 0 | CD9: =IFERROR(VLOOKUP($B9, blitz!$CS:$CT, 2, FALSE), 0) -> 0 | CE9: =AND(CB9=CC9, CC9=CD9) -> TRUE | CF9: =IFERROR(VLOOKUP($B9, aegis!$CX:$CY, 2, FALSE), 0) -> 0 | CG9: =IFERROR(VLOOKUP($B9, duel!$CX:$CY, 2, FALSE), 0) -> 0 | CH9: =IFERROR(VLOOKUP($B9, blitz!$CX:$CY, 2, FALSE), 0) -> 0 | CI9: =AND(CF9=CG9, CG9=CH9) -> TRUE | CJ9: =IFERROR(VLOOKUP($B9, aegis!$DC:$DD, 2, FALSE), 0) -> 0 | CK9: =IFERROR(VLOOKUP($B9, duel!$DC:$DD, 2, FALSE), 0) -> 0 | CL9: =IFERROR(VLOOKUP($B9, blitz!$DC:$DD, 2, FALSE), 0) -> 0 | CM9: =AND(CJ9=CK9, CK9=CL9) -> TRUE | CN9: =IFERROR(VLOOKUP($B9, aegis!$DH:$DI, 2, FALSE), 0) -> 0 | CO9: =IFERROR(VLOOKUP($B9, duel!$DH:$DI, 2, FALSE), 0) -> 0 | CP9: =IFERROR(VLOOKUP($B9, blitz!$DH:$DI, 2, FALSE), 0) -> 0 | CQ9: =AND(CN9=CO9) -> TRUE | CR9: =IFERROR(VLOOKUP($B9, aegis!$DM:$DN, 2, FALSE), 0) -> 0 | CS9: =IFERROR(VLOOKUP($B9, duel!$DM:$DN, 2, FALSE), 0) -> 0 | CT9: =IFERROR(VLOOKUP($B9, blitz!$DM:$DN, 2, FALSE), 0) -> 0 | CU9: =AND(CR9=CS9, CS9=CT9) -> TRUE | CV9: =IFERROR(VLOOKUP($B9, aegis!$DR:$DS, 2, FALSE), 0) -> 0 | CW9: =IFERROR(VLOOKUP($B9, duel!$DR:$DS, 2, FALSE), 0) -> 0 | CX9: =IFERROR(VLOOKUP($B9, blitz!$DR:$DS, 2, FALSE), 0) -> 0 | CY9: =AND(CV9=CW9, CW9=CX9) -> TRUE
B10: 00000007 | C10: =AND(G10,K10,O10,S10,W10,AA10,AE10,AI10,AM10,AQ10,AU10,AY10,BC10,BG10,BK10,BO10,BS10,BW10,CA10,CE10,CI10,CM10,CQ10,CU10,CY10) -> TRUE | D10: =IFERROR(VLOOKUP($B10, aegis!$B:$C, 2, FALSE), 0) -> 0 | E10: =IFERROR(VLOOKUP($B10, duel!$B:$C, 2, FALSE), 0) -> 0 | F10: =IFERROR(VLOOKUP($B10, blitz!$B:$C, 2, FALSE), 0) -> 0 | G10: =AND(D10=E10, E10=F10) -> TRUE | H10: =IFERROR(VLOOKUP($B10, aegis!$G:$H, 2, FALSE), 0) -> 0 | I10: =IFERROR(VLOOKUP($B10, duel!$G:$H, 2, FALSE), 0) -> 0 | J10: =IFERROR(VLOOKUP($B10, blitz!$G:$H, 2, FALSE), 0) -> 0 | K10: =AND(H10=I10, I10=J10) -> TRUE | L10: =IFERROR(VLOOKUP($B10, aegis!$L:$M, 2, FALSE), 0) -> 12 | M10: =IFERROR(VLOOKUP($B10, duel!$L:$M, 2, FALSE), 0) -> 12 | N10: =IFERROR(VLOOKUP($B10, blitz!$L:$M, 2, FALSE), 0) -> 12 | O10: =AND(L10=M10, M10=N10) -> TRUE | P10: =IFERROR(VLOOKUP($B10, aegis!$Q:$R, 2, FALSE), 0) -> 7 | Q10: =IFERROR(VLOOKUP($B10, duel!$Q:$R, 2, FALSE), 0) -> 7 | R10: =IFERROR(VLOOKUP($B10, blitz!$Q:$R, 2, FALSE), 0) -> 7 | S10: =AND(P10=Q10, Q10=R10) -> TRUE | T10: =IFERROR(VLOOKUP($B10, aegis!$V:$W, 2, FALSE), 0) -> 0 | U10: =IFERROR(VLOOKUP($B10, duel!$V:$W, 2, FALSE), 0) -> 0 | V10: =IFERROR(VLOOKUP($B10, blitz!$V:$W, 2, FALSE), 0) -> 0 | W10: =AND(T10=U10, U10=V10) -> TRUE | X10: =IFERROR(VLOOKUP($B10, aegis!$AA:$AB, 2, FALSE), 0) -> 1 | Y10: =IFERROR(VLOOKUP($B10, duel!$AA:$AB, 2, FALSE), 0) -> 1 | Z10: =IFERROR(VLOOKUP($B10, blitz!$AA:$AB, 2, FALSE), 0) -> 1 | AA10: =AND(X10=Y10, Y10=Z10) -> TRUE | AB10: =IFERROR(VLOOKUP($B10, aegis!$AF:$AG, 2, FALSE), 0) -> 0 | AC10: =IFERROR(VLOOKUP($B10, duel!$AF:$AG, 2, FALSE), 0) -> 0 | AD10: =IFERROR(VLOOKUP($B10, blitz!$AF:$AG, 2, FALSE), 0) -> 0 | AE10: =AND(AB10=AC10, AC10=AD10) -> TRUE | AF10: =IFERROR(VLOOKUP($B10, aegis!$AK:$AL, 2, FALSE), 0) -> 0 | AG10: =IFERROR(VLOOKUP($B10, duel!$AK:$AL, 2, FALSE), 0) -> 0 | AH10: =IFERROR(VLOOKUP($B10, blitz!$AK:$AL, 2, FALSE), 0) -> 0 | AI10: =AND(AF10=AG10, AG10=AH10) -> TRUE | AJ10: =IFERROR(VLOOKUP($B10, aegis!$AP:$AQ, 2, FALSE), 0) -> 1 | AK10: =IFERROR(VLOOKUP($B10, duel!$AP:$AQ, 2, FALSE), 0) -> 1 | AL10: =IFERROR(VLOOKUP($B10, blitz!$AP:$AQ, 2, FALSE), 0) -> 1 | AM10: =AND(AJ10=AK10, AK10=AL10) -> TRUE | AN10: =IFERROR(VLOOKUP($B10, aegis!$AU:$AV, 2, FALSE), 0) -> 0 | AO10: =IFERROR(VLOOKUP($B10, duel!$AU:$AV, 2, FALSE), 0) -> 0 | AP10: =IFERROR(VLOOKUP($B10, blitz!$AU:$AV, 2, FALSE), 0) -> 0 | AQ10: =AND(AN10=AO10, AO10=AP10) -> TRUE | AR10: =IFERROR(VLOOKUP($B10, aegis!$AZ:$BA, 2, FALSE), 0) -> 1 | AS10: =IFERROR(VLOOKUP($B10, duel!$AZ:$BA, 2, FALSE), 0) -> 1 | AT10: =IFERROR(VLOOKUP($B10, blitz!$AZ:$BA, 2, FALSE), 0) -> 1 | AU10: =AND(AR10=AS10, AS10=AT10) -> TRUE | AV10: =IFERROR(VLOOKUP($B10, aegis!$BE:$BF, 2, FALSE), 0) -> 0 | AW10: =IFERROR(VLOOKUP($B10, duel!$BE:$BF, 2, FALSE), 0) -> 0 | AX10: =IFERROR(VLOOKUP($B10, blitz!$BE:$BF, 2, FALSE), 0) -> 0 | AY10: =AND(AV10=AW10, AW10=AX10) -> TRUE | AZ10: =IFERROR(VLOOKUP($B10, aegis!$BJ:$BK, 2, FALSE), 0) -> 0 | BA10: =IFERROR(VLOOKUP($B10, duel!$BJ:$BK, 2, FALSE), 0) -> 0 | BB10: =IFERROR(VLOOKUP($B10, blitz!$BJ:$BK, 2, FALSE), 0) -> 0 | BC10: =AND(AZ10=BA10, BA10=BB10) -> TRUE | BD10: =IFERROR(VLOOKUP($B10, aegis!$BO:$BP, 2, FALSE), 0) -> 0 | BE10: =IFERROR(VLOOKUP($B10, duel!$BO:$BP, 2, FALSE), 0) -> 0 | BF10: =IFERROR(VLOOKUP($B10, blitz!$BO:$BP, 2, FALSE), 0) -> 0 | BG10: =AND(BD10=BE10, BE10=BF10) -> TRUE | BH10: =IFERROR(VLOOKUP($B10, aegis!$BT:$BU, 2, FALSE), 0) -> 0 | BI10: =IFERROR(VLOOKUP($B10, duel!$BT:$BU, 2, FALSE), 0) -> 0 | BJ10: =IFERROR(VLOOKUP($B10, blitz!$BT:$BU, 2, FALSE), 0) -> 0 | BK10: =AND(BH10=BI10, BI10=BJ10) -> TRUE | BL10: =IFERROR(VLOOKUP($B10, aegis!$BY:$BZ, 2, FALSE), 0) -> 0 | BM10: =IFERROR(VLOOKUP($B10, duel!$BY:$BZ, 2, FALSE), 0) -> 0 | BN10: =IFERROR(VLOOKUP($B10, blitz!$BY:$BZ, 2, FALSE), 0) -> 0 | BO10: =AND(BL10=BM10, BM10=BN10) -> TRUE | BP10: =IFERROR(VLOOKUP($B10, aegis!$CD:$CE, 2, FALSE), 0) -> 0 | BQ10: =IFERROR(VLOOKUP($B10, duel!$CD:$CE, 2, FALSE), 0) -> 0 | BR10: =IFERROR(VLOOKUP($B10, blitz!$CD:$CE, 2, FALSE), 0) -> 0 | BS10: =AND(BP10=BQ10, BQ10=BR10) -> TRUE | BT10: =IFERROR(VLOOKUP($B10, aegis!$CI:$CJ, 2, FALSE), 0) -> 0 | BU10: =IFERROR(VLOOKUP($B10, duel!$CI:$CJ, 2, FALSE), 0) -> 0 | BV10: =IFERROR(VLOOKUP($B10, blitz!$CI:$CJ, 2, FALSE), 0) -> 0 | BW10: =AND(BT10=BU10, BU10=BV10) -> TRUE | BX10: =IFERROR(VLOOKUP($B10, aegis!$CN:$CO, 2, FALSE), 0) -> 0 | BY10: =IFERROR(VLOOKUP($B10, duel!$CN:$CO, 2, FALSE), 0) -> 0 | BZ10: =IFERROR(VLOOKUP($B10, blitz!$CN:$CO, 2, FALSE), 0) -> 0 | CA10: =AND(BX10=BY10, BY10=BZ10) -> TRUE | CB10: =IFERROR(VLOOKUP($B10, aegis!$CS:$CT, 2, FALSE), 0) -> 0 | CC10: =IFERROR(VLOOKUP($B10, duel!$CS:$CT, 2, FALSE), 0) -> 0 | CD10: =IFERROR(VLOOKUP($B10, blitz!$CS:$CT, 2, FALSE), 0) -> 0 | CE10: =AND(CB10=CC10, CC10=CD10) -> TRUE | CF10: =IFERROR(VLOOKUP($B10, aegis!$CX:$CY, 2, FALSE), 0) -> 0 | CG10: =IFERROR(VLOOKUP($B10, duel!$CX:$CY, 2, FALSE), 0) -> 0 | CH10: =IFERROR(VLOOKUP($B10, blitz!$CX:$CY, 2, FALSE), 0) -> 0 | CI10: =AND(CF10=CG10, CG10=CH10) -> TRUE | CJ10: =IFERROR(VLOOKUP($B10, aegis!$DC:$DD, 2, FALSE), 0) -> 0 | CK10: =IFERROR(VLOOKUP($B10, duel!$DC:$DD, 2, FALSE), 0) -> 0 | CL10: =IFERROR(VLOOKUP($B10, blitz!$DC:$DD, 2, FALSE), 0) -> 0 | CM10: =AND(CJ10=CK10, CK10=CL10) -> TRUE | CN10: =IFERROR(VLOOKUP($B10, aegis!$DH:$DI, 2, FALSE), 0) -> 0 | CO10: =IFERROR(VLOOKUP($B10, duel!$DH:$DI, 2, FALSE), 0) -> 0 | CP10: =IFERROR(VLOOKUP($B10, blitz!$DH:$DI, 2, FALSE), 0) -> 0 | CQ10: =AND(CN10=CO10) -> TRUE | CR10: =IFERROR(VLOOKUP($B10, aegis!$DM:$DN, 2, FALSE), 0) -> 0 | CS10: =IFERROR(VLOOKUP($B10, duel!$DM:$DN, 2, FALSE), 0) -> 0 | CT10: =IFERROR(VLOOKUP($B10, blitz!$DM:$DN, 2, FALSE), 0) -> 0 | CU10: =AND(CR10=CS10, CS10=CT10) -> TRUE | CV10: =IFERROR(VLOOKUP($B10, aegis!$DR:$DS, 2, FALSE), 0) -> 0 | CW10: =IFERROR(VLOOKUP($B10, duel!$DR:$DS, 2, FALSE), 0) -> 0 | CX10: =IFERROR(VLOOKUP($B10, blitz!$DR:$DS, 2, FALSE), 0) -> 0 | CY10: =AND(CV10=CW10, CW10=CX10) -> TRUE
B11: 00000008 | C11: =AND(G11,K11,O11,S11,W11,AA11,AE11,AI11,AM11,AQ11,AU11,AY11,BC11,BG11,BK11,BO11,BS11,BW11,CA11,CE11,CI11,CM11,CQ11,CU11,CY11) -> TRUE | D11: =IFERROR(VLOOKUP($B11, aegis!$B:$C, 2, FALSE), 0) -> 0 | E11: =IFERROR(VLOOKUP($B11, duel!$B:$C, 2, FALSE), 0) -> 0 | F11: =IFERROR(VLOOKUP($B11, blitz!$B:$C, 2, FALSE), 0) -> 0 | G11: =AND(D11=E11, E11=F11) -> TRUE | H11: =IFERROR(VLOOKUP($B11, aegis!$G:$H, 2, FALSE), 0) -> 0 | I11: =IFERROR(VLOOKUP($B11, duel!$G:$H, 2, FALSE), 0) -> 0 | J11: =IFERROR(VLOOKUP($B11, blitz!$G:$H, 2, FALSE), 0) -> 0 | K11: =AND(H11=I11, I11=J11) -> TRUE | L11: =IFERROR(VLOOKUP($B11, aegis!$L:$M, 2, FALSE), 0) -> 12 | M11: =IFERROR(VLOOKUP($B11, duel!$L:$M, 2, FALSE), 0) -> 12 | N11: =IFERROR(VLOOKUP($B11, blitz!$L:$M, 2, FALSE), 0) -> 12 | O11: =AND(L11=M11, M11=N11) -> TRUE | P11: =IFERROR(VLOOKUP($B11, aegis!$Q:$R, 2, FALSE), 0) -> 7 | Q11: =IFERROR(VLOOKUP($B11, duel!$Q:$R, 2, FALSE), 0) -> 7 | R11: =IFERROR(VLOOKUP($B11, blitz!$Q:$R, 2, FALSE), 0) -> 7 | S11: =AND(P11=Q11, Q11=R11) -> TRUE | T11: =IFERROR(VLOOKUP($B11, aegis!$V:$W, 2, FALSE), 0) -> 0 | U11: =IFERROR(VLOOKUP($B11, duel!$V:$W, 2, FALSE), 0) -> 0 | V11: =IFERROR(VLOOKUP($B11, blitz!$V:$W, 2, FALSE), 0) -> 0 | W11: =AND(T11=U11, U11=V11) -> TRUE | X11: =IFERROR(VLOOKUP($B11, aegis!$AA:$AB, 2, FALSE), 0) -> 1 | Y11: =IFERROR(VLOOKUP($B11, duel!$AA:$AB, 2, FALSE), 0) -> 1 | Z11: =IFERROR(VLOOKUP($B11, blitz!$AA:$AB, 2, FALSE), 0) -> 1 | AA11: =AND(X11=Y11, Y11=Z11) -> TRUE | AB11: =IFERROR(VLOOKUP($B11, aegis!$AF:$AG, 2, FALSE), 0) -> 0 | AC11: =IFERROR(VLOOKUP($B11, duel!$AF:$AG, 2, FALSE), 0) -> 0 | AD11: =IFERROR(VLOOKUP($B11, blitz!$AF:$AG, 2, FALSE), 0) -> 0 | AE11: =AND(AB11=AC11, AC11=AD11) -> TRUE | AF11: =IFERROR(VLOOKUP($B11, aegis!$AK:$AL, 2, FALSE), 0) -> 0 | AG11: =IFERROR(VLOOKUP($B11, duel!$AK:$AL, 2, FALSE), 0) -> 0 | AH11: =IFERROR(VLOOKUP($B11, blitz!$AK:$AL, 2, FALSE), 0) -> 0 | AI11: =AND(AF11=AG11, AG11=AH11) -> TRUE | AJ11: =IFERROR(VLOOKUP($B11, aegis!$AP:$AQ, 2, FALSE), 0) -> 1 | AK11: =IFERROR(VLOOKUP($B11, duel!$AP:$AQ, 2, FALSE), 0) -> 1 | AL11: =IFERROR(VLOOKUP($B11, blitz!$AP:$AQ, 2, FALSE), 0) -> 1 | AM11: =AND(AJ11=AK11, AK11=AL11) -> TRUE | AN11: =IFERROR(VLOOKUP($B11, aegis!$AU:$AV, 2, FALSE), 0) -> 0 | AO11: =IFERROR(VLOOKUP($B11, duel!$AU:$AV, 2, FALSE), 0) -> 0 | AP11: =IFERROR(VLOOKUP($B11, blitz!$AU:$AV, 2, FALSE), 0) -> 0 | AQ11: =AND(AN11=AO11, AO11=AP11) -> TRUE | AR11: =IFERROR(VLOOKUP($B11, aegis!$AZ:$BA, 2, FALSE), 0) -> 1 | AS11: =IFERROR(VLOOKUP($B11, duel!$AZ:$BA, 2, FALSE), 0) -> 1 | AT11: =IFERROR(VLOOKUP($B11, blitz!$AZ:$BA, 2, FALSE), 0) -> 1 | AU11: =AND(AR11=AS11, AS11=AT11) -> TRUE | AV11: =IFERROR(VLOOKUP($B11, aegis!$BE:$BF, 2, FALSE), 0) -> 0 | AW11: =IFERROR(VLOOKUP($B11, duel!$BE:$BF, 2, FALSE), 0) -> 0 | AX11: =IFERROR(VLOOKUP($B11, blitz!$BE:$BF, 2, FALSE), 0) -> 0 | AY11: =AND(AV11=AW11, AW11=AX11) -> TRUE | AZ11: =IFERROR(VLOOKUP($B11, aegis!$BJ:$BK, 2, FALSE), 0) -> 0 | BA11: =IFERROR(VLOOKUP($B11, duel!$BJ:$BK, 2, FALSE), 0) -> 0 | BB11: =IFERROR(VLOOKUP($B11, blitz!$BJ:$BK, 2, FALSE), 0) -> 0 | BC11: =AND(AZ11=BA11, BA11=BB11) -> TRUE | BD11: =IFERROR(VLOOKUP($B11, aegis!$BO:$BP, 2, FALSE), 0) -> 0 | BE11: =IFERROR(VLOOKUP($B11, duel!$BO:$BP, 2, FALSE), 0) -> 0 | BF11: =IFERROR(VLOOKUP($B11, blitz!$BO:$BP, 2, FALSE), 0) -> 0 | BG11: =AND(BD11=BE11, BE11=BF11) -> TRUE | BH11: =IFERROR(VLOOKUP($B11, aegis!$BT:$BU, 2, FALSE), 0) -> 0 | BI11: =IFERROR(VLOOKUP($B11, duel!$BT:$BU, 2, FALSE), 0) -> 0 | BJ11: =IFERROR(VLOOKUP($B11, blitz!$BT:$BU, 2, FALSE), 0) -> 0 | BK11: =AND(BH11=BI11, BI11=BJ11) -> TRUE | BL11: =IFERROR(VLOOKUP($B11, aegis!$BY:$BZ, 2, FALSE), 0) -> 0 | BM11: =IFERROR(VLOOKUP($B11, duel!$BY:$BZ, 2, FALSE), 0) -> 0 | BN11: =IFERROR(VLOOKUP($B11, blitz!$BY:$BZ, 2, FALSE), 0) -> 0 | BO11: =AND(BL11=BM11, BM11=BN11) -> TRUE | BP11: =IFERROR(VLOOKUP($B11, aegis!$CD:$CE, 2, FALSE), 0) -> 0 | BQ11: =IFERROR(VLOOKUP($B11, duel!$CD:$CE, 2, FALSE), 0) -> 0 | BR11: =IFERROR(VLOOKUP($B11, blitz!$CD:$CE, 2, FALSE), 0) -> 0 | BS11: =AND(BP11=BQ11, BQ11=BR11) -> TRUE | BT11: =IFERROR(VLOOKUP($B11, aegis!$CI:$CJ, 2, FALSE), 0) -> 0 | BU11: =IFERROR(VLOOKUP($B11, duel!$CI:$CJ, 2, FALSE), 0) -> 0 | BV11: =IFERROR(VLOOKUP($B11, blitz!$CI:$CJ, 2, FALSE), 0) -> 0 | BW11: =AND(BT11=BU11, BU11=BV11) -> TRUE | BX11: =IFERROR(VLOOKUP($B11, aegis!$CN:$CO, 2, FALSE), 0) -> 0 | BY11: =IFERROR(VLOOKUP($B11, duel!$CN:$CO, 2, FALSE), 0) -> 0 | BZ11: =IFERROR(VLOOKUP($B11, blitz!$CN:$CO, 2, FALSE), 0) -> 0 | CA11: =AND(BX11=BY11, BY11=BZ11) -> TRUE | CB11: =IFERROR(VLOOKUP($B11, aegis!$CS:$CT, 2, FALSE), 0) -> 0 | CC11: =IFERROR(VLOOKUP($B11, duel!$CS:$CT, 2, FALSE), 0) -> 0 | CD11: =IFERROR(VLOOKUP($B11, blitz!$CS:$CT, 2, FALSE), 0) -> 0 | CE11: =AND(CB11=CC11, CC11=CD11) -> TRUE | CF11: =IFERROR(VLOOKUP($B11, aegis!$CX:$CY, 2, FALSE), 0) -> 0 | CG11: =IFERROR(VLOOKUP($B11, duel!$CX:$CY, 2, FALSE), 0) -> 0 | CH11: =IFERROR(VLOOKUP($B11, blitz!$CX:$CY, 2, FALSE), 0) -> 0 | CI11: =AND(CF11=CG11, CG11=CH11) -> TRUE | CJ11: =IFERROR(VLOOKUP($B11, aegis!$DC:$DD, 2, FALSE), 0) -> 0 | CK11: =IFERROR(VLOOKUP($B11, duel!$DC:$DD, 2, FALSE), 0) -> 0 | CL11: =IFERROR(VLOOKUP($B11, blitz!$DC:$DD, 2, FALSE), 0) -> 0 | CM11: =AND(CJ11=CK11, CK11=CL11) -> TRUE | CN11: =IFERROR(VLOOKUP($B11, aegis!$DH:$DI, 2, FALSE), 0) -> 0 | CO11: =IFERROR(VLOOKUP($B11, duel!$DH:$DI, 2, FALSE), 0) -> 0 | CP11: =IFERROR(VLOOKUP($B11, blitz!$DH:$DI, 2, FALSE), 0) -> 0 | CQ11: =AND(CN11=CO11) -> TRUE | CR11: =IFERROR(VLOOKUP($B11, aegis!$DM:$DN, 2, FALSE), 0) -> 0 | CS11: =IFERROR(VLOOKUP($B11, duel!$DM:$DN, 2, FALSE), 0) -> 0 | CT11: =IFERROR(VLOOKUP($B11, blitz!$DM:$DN, 2, FALSE), 0) -> 0 | CU11: =AND(CR11=CS11, CS11=CT11) -> TRUE | CV11: =IFERROR(VLOOKUP($B11, aegis!$DR:$DS, 2, FALSE), 0) -> 0 | CW11: =IFERROR(VLOOKUP($B11, duel!$DR:$DS, 2, FALSE), 0) -> 0 | CX11: =IFERROR(VLOOKUP($B11, blitz!$DR:$DS, 2, FALSE), 0) -> 0 | CY11: =AND(CV11=CW11, CW11=CX11) -> TRUE
B12: 00000030 | C12: =AND(G12,K12,O12,S12,W12,AA12,AE12,AI12,AM12,AQ12,AU12,AY12,BC12,BG12,BK12,BO12,BS12,BW12,CA12,CE12,CI12,CM12,CQ12,CU12,CY12) -> TRUE | D12: =IFERROR(VLOOKUP($B12, aegis!$B:$C, 2, FALSE), 0) -> 0 | E12: =IFERROR(VLOOKUP($B12, duel!$B:$C, 2, FALSE), 0) -> 0 | F12: =IFERROR(VLOOKUP($B12, blitz!$B:$C, 2, FALSE), 0) -> 0 | G12: =AND(D12=E12, E12=F12) -> TRUE | H12: =IFERROR(VLOOKUP($B12, aegis!$G:$H, 2, FALSE), 0) -> 0 | I12: =IFERROR(VLOOKUP($B12, duel!$G:$H, 2, FALSE), 0) -> 0 | J12: =IFERROR(VLOOKUP($B12, blitz!$G:$H, 2, FALSE), 0) -> 0 | K12: =AND(H12=I12, I12=J12) -> TRUE | L12: =IFERROR(VLOOKUP($B12, aegis!$L:$M, 2, FALSE), 0) -> 24 | M12: =IFERROR(VLOOKUP($B12, duel!$L:$M, 2, FALSE), 0) -> 24 | N12: =IFERROR(VLOOKUP($B12, blitz!$L:$M, 2, FALSE), 0) -> 24 | O12: =AND(L12=M12, M12=N12) -> TRUE | P12: =IFERROR(VLOOKUP($B12, aegis!$Q:$R, 2, FALSE), 0) -> 14 | Q12: =IFERROR(VLOOKUP($B12, duel!$Q:$R, 2, FALSE), 0) -> 14 | R12: =IFERROR(VLOOKUP($B12, blitz!$Q:$R, 2, FALSE), 0) -> 14 | S12: =AND(P12=Q12, Q12=R12) -> TRUE | T12: =IFERROR(VLOOKUP($B12, aegis!$V:$W, 2, FALSE), 0) -> 3 | U12: =IFERROR(VLOOKUP($B12, duel!$V:$W, 2, FALSE), 0) -> 3 | V12: =IFERROR(VLOOKUP($B12, blitz!$V:$W, 2, FALSE), 0) -> 3 | W12: =AND(T12=U12, U12=V12) -> TRUE | X12: =IFERROR(VLOOKUP($B12, aegis!$AA:$AB, 2, FALSE), 0) -> 2 | Y12: =IFERROR(VLOOKUP($B12, duel!$AA:$AB, 2, FALSE), 0) -> 2 | Z12: =IFERROR(VLOOKUP($B12, blitz!$AA:$AB, 2, FALSE), 0) -> 2 | AA12: =AND(X12=Y12, Y12=Z12) -> TRUE | AB12: =IFERROR(VLOOKUP($B12, aegis!$AF:$AG, 2, FALSE), 0) -> 3 | AC12: =IFERROR(VLOOKUP($B12, duel!$AF:$AG, 2, FALSE), 0) -> 3 | AD12: =IFERROR(VLOOKUP($B12, blitz!$AF:$AG, 2, FALSE), 0) -> 3 | AE12: =AND(AB12=AC12, AC12=AD12) -> TRUE | AF12: =IFERROR(VLOOKUP($B12, aegis!$AK:$AL, 2, FALSE), 0) -> 0 | AG12: =IFERROR(VLOOKUP($B12, duel!$AK:$AL, 2, FALSE), 0) -> 0 | AH12: =IFERROR(VLOOKUP($B12, blitz!$AK:$AL, 2, FALSE), 0) -> 0 | AI12: =AND(AF12=AG12, AG12=AH12) -> TRUE | AJ12: =IFERROR(VLOOKUP($B12, aegis!$AP:$AQ, 2, FALSE), 0) -> 3 | AK12: =IFERROR(VLOOKUP($B12, duel!$AP:$AQ, 2, FALSE), 0) -> 3 | AL12: =IFERROR(VLOOKUP($B12, blitz!$AP:$AQ, 2, FALSE), 0) -> 3 | AM12: =AND(AJ12=AK12, AK12=AL12) -> TRUE | AN12: =IFERROR(VLOOKUP($B12, aegis!$AU:$AV, 2, FALSE), 0) -> 1 | AO12: =IFERROR(VLOOKUP($B12, duel!$AU:$AV, 2, FALSE), 0) -> 1 | AP12: =IFERROR(VLOOKUP($B12, blitz!$AU:$AV, 2, FALSE), 0) -> 1 | AQ12: =AND(AN12=AO12, AO12=AP12) -> TRUE | AR12: =IFERROR(VLOOKUP($B12, aegis!$AZ:$BA, 2, FALSE), 0) -> 2 | AS12: =IFERROR(VLOOKUP($B12, duel!$AZ:$BA, 2, FALSE), 0) -> 2 | AT12: =IFERROR(VLOOKUP($B12, blitz!$AZ:$BA, 2, FALSE), 0) -> 2 | AU12: =AND(AR12=AS12, AS12=AT12) -> TRUE | AV12: =IFERROR(VLOOKUP($B12, aegis!$BE:$BF, 2, FALSE), 0) -> 2 | AW12: =IFERROR(VLOOKUP($B12, duel!$BE:$BF, 2, FALSE), 0) -> 2 | AX12: =IFERROR(VLOOKUP($B12, blitz!$BE:$BF, 2, FALSE), 0) -> 2 | AY12: =AND(AV12=AW12, AW12=AX12) -> TRUE | AZ12: =IFERROR(VLOOKUP($B12, aegis!$BJ:$BK, 2, FALSE), 0) -> 0 | BA12: =IFERROR(VLOOKUP($B12, duel!$BJ:$BK, 2, FALSE), 0) -> 0 | BB12: =IFERROR(VLOOKUP($B12, blitz!$BJ:$BK, 2, FALSE), 0) -> 0 | BC12: =AND(AZ12=BA12, BA12=BB12) -> TRUE | BD12: =IFERROR(VLOOKUP($B12, aegis!$BO:$BP, 2, FALSE), 0) -> 0 | BE12: =IFERROR(VLOOKUP($B12, duel!$BO:$BP, 2, FALSE), 0) -> 0 | BF12: =IFERROR(VLOOKUP($B12, blitz!$BO:$BP, 2, FALSE), 0) -> 0 | BG12: =AND(BD12=BE12, BE12=BF12) -> TRUE | BH12: =IFERROR(VLOOKUP($B12, aegis!$BT:$BU, 2, FALSE), 0) -> 0 | BI12: =IFERROR(VLOOKUP($B12, duel!$BT:$BU, 2, FALSE), 0) -> 0 | BJ12: =IFERROR(VLOOKUP($B12, blitz!$BT:$BU, 2, FALSE), 0) -> 0 | BK12: =AND(BH12=BI12, BI12=BJ12) -> TRUE | BL12: =IFERROR(VLOOKUP($B12, aegis!$BY:$BZ, 2, FALSE), 0) -> 2 | BM12: =IFERROR(VLOOKUP($B12, duel!$BY:$BZ, 2, FALSE), 0) -> 2 | BN12: =IFERROR(VLOOKUP($B12, blitz!$BY:$BZ, 2, FALSE), 0) -> 2 | BO12: =AND(BL12=BM12, BM12=BN12) -> TRUE | BP12: =IFERROR(VLOOKUP($B12, aegis!$CD:$CE, 2, FALSE), 0) -> 0 | BQ12: =IFERROR(VLOOKUP($B12, duel!$CD:$CE, 2, FALSE), 0) -> 0 | BR12: =IFERROR(VLOOKUP($B12, blitz!$CD:$CE, 2, FALSE), 0) -> 0 | BS12: =AND(BP12=BQ12, BQ12=BR12) -> TRUE | BT12: =IFERROR(VLOOKUP($B12, aegis!$CI:$CJ, 2, FALSE), 0) -> 6 | BU12: =IFERROR(VLOOKUP($B12, duel!$CI:$CJ, 2, FALSE), 0) -> 6 | BV12: =IFERROR(VLOOKUP($B12, blitz!$CI:$CJ, 2, FALSE), 0) -> 6 | BW12: =AND(BT12=BU12, BU12=BV12) -> TRUE | BX12: =IFERROR(VLOOKUP($B12, aegis!$CN:$CO, 2, FALSE), 0) -> 6 | BY12: =IFERROR(VLOOKUP($B12, duel!$CN:$CO, 2, FALSE), 0) -> 6 | BZ12: =IFERROR(VLOOKUP($B12, blitz!$CN:$CO, 2, FALSE), 0) -> 6 | CA12: =AND(BX12=BY12, BY12=BZ12) -> TRUE | CB12: =IFERROR(VLOOKUP($B12, aegis!$CS:$CT, 2, FALSE), 0) -> 33 | CC12: =IFERROR(VLOOKUP($B12, duel!$CS:$CT, 2, FALSE), 0) -> 33 | CD12: =IFERROR(VLOOKUP($B12, blitz!$CS:$CT, 2, FALSE), 0) -> 33 | CE12: =AND(CB12=CC12, CC12=CD12) -> TRUE | CF12: =IFERROR(VLOOKUP($B12, aegis!$CX:$CY, 2, FALSE), 0) -> 0 | CG12: =IFERROR(VLOOKUP($B12, duel!$CX:$CY, 2, FALSE), 0) -> 0 | CH12: =IFERROR(VLOOKUP($B12, blitz!$CX:$CY, 2, FALSE), 0) -> 0 | CI12: =AND(CF12=CG12, CG12=CH12) -> TRUE | CJ12: =IFERROR(VLOOKUP($B12, aegis!$DC:$DD, 2, FALSE), 0) -> 0 | CK12: =IFERROR(VLOOKUP($B12, duel!$DC:$DD, 2, FALSE), 0) -> 0 | CL12: =IFERROR(VLOOKUP($B12, blitz!$DC:$DD, 2, FALSE), 0) -> 0 | CM12: =AND(CJ12=CK12, CK12=CL12) -> TRUE | CN12: =IFERROR(VLOOKUP($B12, aegis!$DH:$DI, 2, FALSE), 0) -> 2 | CO12: =IFERROR(VLOOKUP($B12, duel!$DH:$DI, 2, FALSE), 0) -> 2 | CP12: =IFERROR(VLOOKUP($B12, blitz!$DH:$DI, 2, FALSE), 0) -> 0 | CQ12: =AND(CN12=CO12) -> TRUE | CR12: =IFERROR(VLOOKUP($B12, aegis!$DM:$DN, 2, FALSE), 0) -> 3 | CS12: =IFERROR(VLOOKUP($B12, duel!$DM:$DN, 2, FALSE), 0) -> 3 | CT12: =IFERROR(VLOOKUP($B12, blitz!$DM:$DN, 2, FALSE), 0) -> 3 | CU12: =AND(CR12=CS12, CS12=CT12) -> TRUE | CV12: =IFERROR(VLOOKUP($B12, aegis!$DR:$DS, 2, FALSE), 0) -> 3 | CW12: =IFERROR(VLOOKUP($B12, duel!$DR:$DS, 2, FALSE), 0) -> 3 | CX12: =IFERROR(VLOOKUP($B12, blitz!$DR:$DS, 2, FALSE), 0) -> 3 | CY12: =AND(CV12=CW12, CW12=CX12) -> TRUE
A13: ○ | B13: 02000001 | C13: =AND(G13,K13,O13,S13,W13,AA13,AE13,AI13,AM13,AQ13,AU13,AY13,BC13,BG13,BK13,BO13,BS13,BW13,CA13,CE13,CI13,CM13,CQ13,CU13,CY13) -> FALSE | D13: =IFERROR(VLOOKUP($B13, aegis!$B:$C, 2, FALSE), 0) -> 180 | E13: =IFERROR(VLOOKUP($B13, duel!$B:$C, 2, FALSE), 0) -> 180 | F13: =IFERROR(VLOOKUP($B13, blitz!$B:$C, 2, FALSE), 0) -> 180 | G13: =AND(D13=E13, E13=F13) -> TRUE | H13: =IFERROR(VLOOKUP($B13, aegis!$G:$H, 2, FALSE), 0) -> 105 | I13: =IFERROR(VLOOKUP($B13, duel!$G:$H, 2, FALSE), 0) -> 105 | J13: =IFERROR(VLOOKUP($B13, blitz!$G:$H, 2, FALSE), 0) -> 105 | K13: =AND(H13=I13, I13=J13) -> TRUE | L13: =IFERROR(VLOOKUP($B13, aegis!$L:$M, 2, FALSE), 0) -> 252 | M13: =IFERROR(VLOOKUP($B13, duel!$L:$M, 2, FALSE), 0) -> 252 | N13: =IFERROR(VLOOKUP($B13, blitz!$L:$M, 2, FALSE), 0) -> 252 | O13: =AND(L13=M13, M13=N13) -> TRUE | P13: =IFERROR(VLOOKUP($B13, aegis!$Q:$R, 2, FALSE), 0) -> 147 | Q13: =IFERROR(VLOOKUP($B13, duel!$Q:$R, 2, FALSE), 0) -> 147 | R13: =IFERROR(VLOOKUP($B13, blitz!$Q:$R, 2, FALSE), 0) -> 147 | S13: =AND(P13=Q13, Q13=R13) -> TRUE | T13: =IFERROR(VLOOKUP($B13, aegis!$V:$W, 2, FALSE), 0) -> 1040 | U13: =IFERROR(VLOOKUP($B13, duel!$V:$W, 2, FALSE), 0) -> 1040 | V13: =IFERROR(VLOOKUP($B13, blitz!$V:$W, 2, FALSE), 0) -> 1040 | W13: =AND(T13=U13, U13=V13) -> TRUE | X13: =IFERROR(VLOOKUP($B13, aegis!$AA:$AB, 2, FALSE), 0) -> 7 | Y13: =IFERROR(VLOOKUP($B13, duel!$AA:$AB, 2, FALSE), 0) -> 11 | Z13: =IFERROR(VLOOKUP($B13, blitz!$AA:$AB, 2, FALSE), 0) -> 7 | AA13: =AND(X13=Y13, Y13=Z13) -> FALSE | AB13: =IFERROR(VLOOKUP($B13, aegis!$AF:$AG, 2, FALSE), 0) -> 309 | AC13: =IFERROR(VLOOKUP($B13, duel!$AF:$AG, 2, FALSE), 0) -> 309 | AD13: =IFERROR(VLOOKUP($B13, blitz!$AF:$AG, 2, FALSE), 0) -> 309 | AE13: =AND(AB13=AC13, AC13=AD13) -> TRUE | AF13: =IFERROR(VLOOKUP($B13, aegis!$AK:$AL, 2, FALSE), 0) -> 5 | AG13: =IFERROR(VLOOKUP($B13, duel!$AK:$AL, 2, FALSE), 0) -> 1 | AH13: =IFERROR(VLOOKUP($B13, blitz!$AK:$AL, 2, FALSE), 0) -> 1 | AI13: =AND(AF13=AG13, AG13=AH13) -> FALSE | AJ13: =IFERROR(VLOOKUP($B13, aegis!$AP:$AQ, 2, FALSE), 0) -> 25 | AK13: =IFERROR(VLOOKUP($B13, duel!$AP:$AQ, 2, FALSE), 0) -> 25 | AL13: =IFERROR(VLOOKUP($B13, blitz!$AP:$AQ, 2, FALSE), 0) -> 25 | AM13: =AND(AJ13=AK13, AK13=AL13) -> TRUE | AN13: =IFERROR(VLOOKUP($B13, aegis!$AU:$AV, 2, FALSE), 0) -> 17 | AO13: =IFERROR(VLOOKUP($B13, duel!$AU:$AV, 2, FALSE), 0) -> 17 | AP13: =IFERROR(VLOOKUP($B13, blitz!$AU:$AV, 2, FALSE), 0) -> 17 | AQ13: =AND(AN13=AO13, AO13=AP13) -> TRUE | AR13: =IFERROR(VLOOKUP($B13, aegis!$AZ:$BA, 2, FALSE), 0) -> 4 | AS13: =IFERROR(VLOOKUP($B13, duel!$AZ:$BA, 2, FALSE), 0) -> 4 | AT13: =IFERROR(VLOOKUP($B13, blitz!$AZ:$BA, 2, FALSE), 0) -> 4 | AU13: =AND(AR13=AS13, AS13=AT13) -> TRUE | AV13: =IFERROR(VLOOKUP($B13, aegis!$BE:$BF, 2, FALSE), 0) -> 15 | AW13: =IFERROR(VLOOKUP($B13, duel!$BE:$BF, 2, FALSE), 0) -> 15 | AX13: =IFERROR(VLOOKUP($B13, blitz!$BE:$BF, 2, FALSE), 0) -> 15 | AY13: =AND(AV13=AW13, AW13=AX13) -> TRUE | AZ13: =IFERROR(VLOOKUP($B13, aegis!$BJ:$BK, 2, FALSE), 0) -> 1 | BA13: =IFERROR(VLOOKUP($B13, duel!$BJ:$BK, 2, FALSE), 0) -> 1 | BB13: =IFERROR(VLOOKUP($B13, blitz!$BJ:$BK, 2, FALSE), 0) -> 1 | BC13: =AND(AZ13=BA13, BA13=BB13) -> TRUE | BD13: =IFERROR(VLOOKUP($B13, aegis!$BO:$BP, 2, FALSE), 0) -> 0 | BE13: =IFERROR(VLOOKUP($B13, duel!$BO:$BP, 2, FALSE), 0) -> 0 | BF13: =IFERROR(VLOOKUP($B13, blitz!$BO:$BP, 2, FALSE), 0) -> 0 | BG13: =AND(BD13=BE13, BE13=BF13) -> TRUE | BH13: =IFERROR(VLOOKUP($B13, aegis!$BT:$BU, 2, FALSE), 0) -> 97 | BI13: =IFERROR(VLOOKUP($B13, duel!$BT:$BU, 2, FALSE), 0) -> 97 | BJ13: =IFERROR(VLOOKUP($B13, blitz!$BT:$BU, 2, FALSE), 0) -> 97 | BK13: =AND(BH13=BI13, BI13=BJ13) -> TRUE | BL13: =IFERROR(VLOOKUP($B13, aegis!$BY:$BZ, 2, FALSE), 0) -> 12 | BM13: =IFERROR(VLOOKUP($B13, duel!$BY:$BZ, 2, FALSE), 0) -> 12 | BN13: =IFERROR(VLOOKUP($B13, blitz!$BY:$BZ, 2, FALSE), 0) -> 12 | BO13: =AND(BL13=BM13, BM13=BN13) -> TRUE | BP13: =IFERROR(VLOOKUP($B13, aegis!$CD:$CE, 2, FALSE), 0) -> 15 | BQ13: =IFERROR(VLOOKUP($B13, duel!$CD:$CE, 2, FALSE), 0) -> 15 | BR13: =IFERROR(VLOOKUP($B13, blitz!$CD:$CE, 2, FALSE), 0) -> 15 | BS13: =AND(BP13=BQ13, BQ13=BR13) -> TRUE | BT13: =IFERROR(VLOOKUP($B13, aegis!$CI:$CJ, 2, FALSE), 0) -> 54 | BU13: =IFERROR(VLOOKUP($B13, duel!$CI:$CJ, 2, FALSE), 0) -> 54 | BV13: =IFERROR(VLOOKUP($B13, blitz!$CI:$CJ, 2, FALSE), 0) -> 54 | BW13: =AND(BT13=BU13, BU13=BV13) -> TRUE | BX13: =IFERROR(VLOOKUP($B13, aegis!$CN:$CO, 2, FALSE), 0) -> 54 | BY13: =IFERROR(VLOOKUP($B13, duel!$CN:$CO, 2, FALSE), 0) -> 54 | BZ13: =IFERROR(VLOOKUP($B13, blitz!$CN:$CO, 2, FALSE), 0) -> 54 | CA13: =AND(BX13=BY13, BY13=BZ13) -> TRUE | CB13: =IFERROR(VLOOKUP($B13, aegis!$CS:$CT, 2, FALSE), 0) -> 250 | CC13: =IFERROR(VLOOKUP($B13, duel!$CS:$CT, 2, FALSE), 0) -> 250 | CD13: =IFERROR(VLOOKUP($B13, blitz!$CS:$CT, 2, FALSE), 0) -> 250 | CE13: =AND(CB13=CC13, CC13=CD13) -> TRUE | CF13: =IFERROR(VLOOKUP($B13, aegis!$CX:$CY, 2, FALSE), 0) -> 1376 | CG13: =IFERROR(VLOOKUP($B13, duel!$CX:$CY, 2, FALSE), 0) -> 1376 | CH13: =IFERROR(VLOOKUP($B13, blitz!$CX:$CY, 2, FALSE), 0) -> 150 | CI13: =AND(CF13=CG13, CG13=CH13) -> FALSE | CJ13: =IFERROR(VLOOKUP($B13, aegis!$DC:$DD, 2, FALSE), 0) -> 3 | CK13: =IFERROR(VLOOKUP($B13, duel!$DC:$DD, 2, FALSE), 0) -> 3 | CL13: =IFERROR(VLOOKUP($B13, blitz!$DC:$DD, 2, FALSE), 0) -> 3 | CM13: =AND(CJ13=CK13, CK13=CL13) -> TRUE | CN13: =IFERROR(VLOOKUP($B13, aegis!$DH:$DI, 2, FALSE), 0) -> 14 | CO13: =IFERROR(VLOOKUP($B13, duel!$DH:$DI, 2, FALSE), 0) -> 14 | CP13: =IFERROR(VLOOKUP($B13, blitz!$DH:$DI, 2, FALSE), 0) -> 0 | CQ13: =AND(CN13=CO13) -> TRUE | CR13: =IFERROR(VLOOKUP($B13, aegis!$DM:$DN, 2, FALSE), 0) -> 18 | CS13: =IFERROR(VLOOKUP($B13, duel!$DM:$DN, 2, FALSE), 0) -> 18 | CT13: =IFERROR(VLOOKUP($B13, blitz!$DM:$DN, 2, FALSE), 0) -> 18 | CU13: =AND(CR13=CS13, CS13=CT13) -> TRUE | CV13: =IFERROR(VLOOKUP($B13, aegis!$DR:$DS, 2, FALSE), 0) -> 309 | CW13: =IFERROR(VLOOKUP($B13, duel!$DR:$DS, 2, FALSE), 0) -> 309 | CX13: =IFERROR(VLOOKUP($B13, blitz!$DR:$DS, 2, FALSE), 0) -> 309 | CY13: =AND(CV13=CW13, CW13=CX13) -> TRUE
A14: ○ | B14: 02000002 | C14: =AND(G14,K14,O14,S14,W14,AA14,AE14,AI14,AM14,AQ14,AU14,AY14,BC14,BG14,BK14,BO14,BS14,BW14,CA14,CE14,CI14,CM14,CQ14,CU14,CY14) -> FALSE | D14: =IFERROR(VLOOKUP($B14, aegis!$B:$C, 2, FALSE), 0) -> 120 | E14: =IFERROR(VLOOKUP($B14, duel!$B:$C, 2, FALSE), 0) -> 120 | F14: =IFERROR(VLOOKUP($B14, blitz!$B:$C, 2, FALSE), 0) -> 120 | G14: =AND(D14=E14, E14=F14) -> TRUE | H14: =IFERROR(VLOOKUP($B14, aegis!$G:$H, 2, FALSE), 0) -> 70 | I14: =IFERROR(VLOOKUP($B14, duel!$G:$H, 2, FALSE), 0) -> 70 | J14: =IFERROR(VLOOKUP($B14, blitz!$G:$H, 2, FALSE), 0) -> 70 | K14: =AND(H14=I14, I14=J14) -> TRUE | L14: =IFERROR(VLOOKUP($B14, aegis!$L:$M, 2, FALSE), 0) -> 120 | M14: =IFERROR(VLOOKUP($B14, duel!$L:$M, 2, FALSE), 0) -> 120 | N14: =IFERROR(VLOOKUP($B14, blitz!$L:$M, 2, FALSE), 0) -> 120 | O14: =AND(L14=M14, M14=N14) -> TRUE | P14: =IFERROR(VLOOKUP($B14, aegis!$Q:$R, 2, FALSE), 0) -> 70 | Q14: =IFERROR(VLOOKUP($B14, duel!$Q:$R, 2, FALSE), 0) -> 70 | R14: =IFERROR(VLOOKUP($B14, blitz!$Q:$R, 2, FALSE), 0) -> 70 | S14: =AND(P14=Q14, Q14=R14) -> TRUE | T14: =IFERROR(VLOOKUP($B14, aegis!$V:$W, 2, FALSE), 0) -> 924 | U14: =IFERROR(VLOOKUP($B14, duel!$V:$W, 2, FALSE), 0) -> 791 | V14: =IFERROR(VLOOKUP($B14, blitz!$V:$W, 2, FALSE), 0) -> 924 | W14: =AND(T14=U14, U14=V14) -> FALSE | X14: =IFERROR(VLOOKUP($B14, aegis!$AA:$AB, 2, FALSE), 0) -> 8 | Y14: =IFERROR(VLOOKUP($B14, duel!$AA:$AB, 2, FALSE), 0) -> 14 | Z14: =IFERROR(VLOOKUP($B14, blitz!$AA:$AB, 2, FALSE), 0) -> 8 | AA14: =AND(X14=Y14, Y14=Z14) -> FALSE | AB14: =IFERROR(VLOOKUP($B14, aegis!$AF:$AG, 2, FALSE), 0) -> 914 | AC14: =IFERROR(VLOOKUP($B14, duel!$AF:$AG, 2, FALSE), 0) -> 914 | AD14: =IFERROR(VLOOKUP($B14, blitz!$AF:$AG, 2, FALSE), 0) -> 914 | AE14: =AND(AB14=AC14, AC14=AD14) -> TRUE | AF14: =IFERROR(VLOOKUP($B14, aegis!$AK:$AL, 2, FALSE), 0) -> 9 | AG14: =IFERROR(VLOOKUP($B14, duel!$AK:$AL, 2, FALSE), 0) -> 1 | AH14: =IFERROR(VLOOKUP($B14, blitz!$AK:$AL, 2, FALSE), 0) -> 1 | AI14: =AND(AF14=AG14, AG14=AH14) -> FALSE | AJ14: =IFERROR(VLOOKUP($B14, aegis!$AP:$AQ, 2, FALSE), 0) -> 9 | AK14: =IFERROR(VLOOKUP($B14, duel!$AP:$AQ, 2, FALSE), 0) -> 9 | AL14: =IFERROR(VLOOKUP($B14, blitz!$AP:$AQ, 2, FALSE), 0) -> 9 | AM14: =AND(AJ14=AK14, AK14=AL14) -> TRUE | AN14: =IFERROR(VLOOKUP($B14, aegis!$AU:$AV, 2, FALSE), 0) -> 0 | AO14: =IFERROR(VLOOKUP($B14, duel!$AU:$AV, 2, FALSE), 0) -> 0 | AP14: =IFERROR(VLOOKUP($B14, blitz!$AU:$AV, 2, FALSE), 0) -> 0 | AQ14: =AND(AN14=AO14, AO14=AP14) -> TRUE | AR14: =IFERROR(VLOOKUP($B14, aegis!$AZ:$BA, 2, FALSE), 0) -> 8 | AS14: =IFERROR(VLOOKUP($B14, duel!$AZ:$BA, 2, FALSE), 0) -> 8 | AT14: =IFERROR(VLOOKUP($B14, blitz!$AZ:$BA, 2, FALSE), 0) -> 8 | AU14: =AND(AR14=AS14, AS14=AT14) -> TRUE | AV14: =IFERROR(VLOOKUP($B14, aegis!$BE:$BF, 2, FALSE), 0) -> 8 | AW14: =IFERROR(VLOOKUP($B14, duel!$BE:$BF, 2, FALSE), 0) -> 8 | AX14: =IFERROR(VLOOKUP($B14, blitz!$BE:$BF, 2, FALSE), 0) -> 8 | AY14: =AND(AV14=AW14, AW14=AX14) -> TRUE | AZ14: =IFERROR(VLOOKUP($B14, aegis!$BJ:$BK, 2, FALSE), 0) -> 1 | BA14: =IFERROR(VLOOKUP($B14, duel!$BJ:$BK, 2, FALSE), 0) -> 1 | BB14: =IFERROR(VLOOKUP($B14, blitz!$BJ:$BK, 2, FALSE), 0) -> 1 | BC14: =AND(AZ14=BA14, BA14=BB14) -> TRUE | BD14: =IFERROR(VLOOKUP($B14, aegis!$BO:$BP, 2, FALSE), 0) -> 0 | BE14: =IFERROR(VLOOKUP($B14, duel!$BO:$BP, 2, FALSE), 0) -> 0 | BF14: =IFERROR(VLOOKUP($B14, blitz!$BO:$BP, 2, FALSE), 0) -> 0 | BG14: =AND(BD14=BE14, BE14=BF14) -> TRUE | BH14: =IFERROR(VLOOKUP($B14, aegis!$BT:$BU, 2, FALSE), 0) -> 15 | BI14: =IFERROR(VLOOKUP($B14, duel!$BT:$BU, 2, FALSE), 0) -> 15 | BJ14: =IFERROR(VLOOKUP($B14, blitz!$BT:$BU, 2, FALSE), 0) -> 15 | BK14: =AND(BH14=BI14, BI14=BJ14) -> TRUE | BL14: =IFERROR(VLOOKUP($B14, aegis!$BY:$BZ, 2, FALSE), 0) -> 6 | BM14: =IFERROR(VLOOKUP($B14, duel!$BY:$BZ, 2, FALSE), 0) -> 6 | BN14: =IFERROR(VLOOKUP($B14, blitz!$BY:$BZ, 2, FALSE), 0) -> 6 | BO14: =AND(BL14=BM14, BM14=BN14) -> TRUE | BP14: =IFERROR(VLOOKUP($B14, aegis!$CD:$CE, 2, FALSE), 0) -> 19 | BQ14: =IFERROR(VLOOKUP($B14, duel!$CD:$CE, 2, FALSE), 0) -> 19 | BR14: =IFERROR(VLOOKUP($B14, blitz!$CD:$CE, 2, FALSE), 0) -> 19 | BS14: =AND(BP14=BQ14, BQ14=BR14) -> TRUE | BT14: =IFERROR(VLOOKUP($B14, aegis!$CI:$CJ, 2, FALSE), 0) -> 7 | BU14: =IFERROR(VLOOKUP($B14, duel!$CI:$CJ, 2, FALSE), 0) -> 7 | BV14: =IFERROR(VLOOKUP($B14, blitz!$CI:$CJ, 2, FALSE), 0) -> 7 | BW14: =AND(BT14=BU14, BU14=BV14) -> TRUE | BX14: =IFERROR(VLOOKUP($B14, aegis!$CN:$CO, 2, FALSE), 0) -> 7 | BY14: =IFERROR(VLOOKUP($B14, duel!$CN:$CO, 2, FALSE), 0) -> 7 | BZ14: =IFERROR(VLOOKUP($B14, blitz!$CN:$CO, 2, FALSE), 0) -> 7 | CA14: =AND(BX14=BY14, BY14=BZ14) -> TRUE | CB14: =IFERROR(VLOOKUP($B14, aegis!$CS:$CT, 2, FALSE), 0) -> 31 | CC14: =IFERROR(VLOOKUP($B14, duel!$CS:$CT, 2, FALSE), 0) -> 31 | CD14: =IFERROR(VLOOKUP($B14, blitz!$CS:$CT, 2, FALSE), 0) -> 31 | CE14: =AND(CB14=CC14, CC14=CD14) -> TRUE | CF14: =IFERROR(VLOOKUP($B14, aegis!$CX:$CY, 2, FALSE), 0) -> 17811 | CG14: =IFERROR(VLOOKUP($B14, duel!$CX:$CY, 2, FALSE), 0) -> 17741 | CH14: =IFERROR(VLOOKUP($B14, blitz!$CX:$CY, 2, FALSE), 0) -> 327 | CI14: =AND(CF14=CG14, CG14=CH14) -> FALSE | CJ14: =IFERROR(VLOOKUP($B14, aegis!$DC:$DD, 2, FALSE), 0) -> 1 | CK14: =IFERROR(VLOOKUP($B14, duel!$DC:$DD, 2, FALSE), 0) -> 1 | CL14: =IFERROR(VLOOKUP($B14, blitz!$DC:$DD, 2, FALSE), 0) -> 1 | CM14: =AND(CJ14=CK14, CK14=CL14) -> TRUE | CN14: =IFERROR(VLOOKUP($B14, aegis!$DH:$DI, 2, FALSE), 0) -> 15 | CO14: =IFERROR(VLOOKUP($B14, duel!$DH:$DI, 2, FALSE), 0) -> 14 | CP14: =IFERROR(VLOOKUP($B14, blitz!$DH:$DI, 2, FALSE), 0) -> 0 | CQ14: =AND(CN14=CO14) -> FALSE | CR14: =IFERROR(VLOOKUP($B14, aegis!$DM:$DN, 2, FALSE), 0) -> 8 | CS14: =IFERROR(VLOOKUP($B14, duel!$DM:$DN, 2, FALSE), 0) -> 7 | CT14: =IFERROR(VLOOKUP($B14, blitz!$DM:$DN, 2, FALSE), 0) -> 8 | CU14: =AND(CR14=CS14, CS14=CT14) -> FALSE | CV14: =IFERROR(VLOOKUP($B14, aegis!$DR:$DS, 2, FALSE), 0) -> 914 | CW14: =IFERROR(VLOOKUP($B14, duel!$DR:$DS, 2, FALSE), 0) -> 914 | CX14: =IFERROR(VLOOKUP($B14, blitz!$DR:$DS, 2, FALSE), 0) -> 914 | CY14: =AND(CV14=CW14, CW14=CX14) -> TRUE
A15: ○ | B15: 02000003 | C15: =AND(G15,K15,O15,S15,W15,AA15,AE15,AI15,AM15,AQ15,AU15,AY15,BC15,BG15,BK15,BO15,BS15,BW15,CA15,CE15,CI15,CM15,CQ15,CU15,CY15) -> FALSE | D15: =IFERROR(VLOOKUP($B15, aegis!$B:$C, 2, FALSE), 0) -> 240 | E15: =IFERROR(VLOOKUP($B15, duel!$B:$C, 2, FALSE), 0) -> 240 | F15: =IFERROR(VLOOKUP($B15, blitz!$B:$C, 2, FALSE), 0) -> 240 | G15: =AND(D15=E15, E15=F15) -> TRUE | H15: =IFERROR(VLOOKUP($B15, aegis!$G:$H, 2, FALSE), 0) -> 140 | I15: =IFERROR(VLOOKUP($B15, duel!$G:$H, 2, FALSE), 0) -> 140 | J15: =IFERROR(VLOOKUP($B15, blitz!$G:$H, 2, FALSE), 0) -> 140 | K15: =AND(H15=I15, I15=J15) -> TRUE | L15: =IFERROR(VLOOKUP($B15, aegis!$L:$M, 2, FALSE), 0) -> 240 | M15: =IFERROR(VLOOKUP($B15, duel!$L:$M, 2, FALSE), 0) -> 240 | N15: =IFERROR(VLOOKUP($B15, blitz!$L:$M, 2, FALSE), 0) -> 240 | O15: =AND(L15=M15, M15=N15) -> TRUE | P15: =IFERROR(VLOOKUP($B15, aegis!$Q:$R, 2, FALSE), 0) -> 140 | Q15: =IFERROR(VLOOKUP($B15, duel!$Q:$R, 2, FALSE), 0) -> 140 | R15: =IFERROR(VLOOKUP($B15, blitz!$Q:$R, 2, FALSE), 0) -> 140 | S15: =AND(P15=Q15, Q15=R15) -> TRUE | T15: =IFERROR(VLOOKUP($B15, aegis!$V:$W, 2, FALSE), 0) -> 13 | U15: =IFERROR(VLOOKUP($B15, duel!$V:$W, 2, FALSE), 0) -> 13 | V15: =IFERROR(VLOOKUP($B15, blitz!$V:$W, 2, FALSE), 0) -> 13 | W15: =AND(T15=U15, U15=V15) -> TRUE | X15: =IFERROR(VLOOKUP($B15, aegis!$AA:$AB, 2, FALSE), 0) -> 20 | Y15: =IFERROR(VLOOKUP($B15, duel!$AA:$AB, 2, FALSE), 0) -> 39 | Z15: =IFERROR(VLOOKUP($B15, blitz!$AA:$AB, 2, FALSE), 0) -> 20 | AA15: =AND(X15=Y15, Y15=Z15) -> FALSE | AB15: =IFERROR(VLOOKUP($B15, aegis!$AF:$AG, 2, FALSE), 0) -> 16 | AC15: =IFERROR(VLOOKUP($B15, duel!$AF:$AG, 2, FALSE), 0) -> 16 | AD15: =IFERROR(VLOOKUP($B15, blitz!$AF:$AG, 2, FALSE), 0) -> 16 | AE15: =AND(AB15=AC15, AC15=AD15) -> TRUE | AF15: =IFERROR(VLOOKUP($B15, aegis!$AK:$AL, 2, FALSE), 0) -> 21 | AG15: =IFERROR(VLOOKUP($B15, duel!$AK:$AL, 2, FALSE), 0) -> 1 | AH15: =IFERROR(VLOOKUP($B15, blitz!$AK:$AL, 2, FALSE), 0) -> 1 | AI15: =AND(AF15=AG15, AG15=AH15) -> FALSE | AJ15: =IFERROR(VLOOKUP($B15, aegis!$AP:$AQ, 2, FALSE), 0) -> 20 | AK15: =IFERROR(VLOOKUP($B15, duel!$AP:$AQ, 2, FALSE), 0) -> 20 | AL15: =IFERROR(VLOOKUP($B15, blitz!$AP:$AQ, 2, FALSE), 0) -> 20 | AM15: =AND(AJ15=AK15, AK15=AL15) -> TRUE | AN15: =IFERROR(VLOOKUP($B15, aegis!$AU:$AV, 2, FALSE), 0) -> 0 | AO15: =IFERROR(VLOOKUP($B15, duel!$AU:$AV, 2, FALSE), 0) -> 0 | AP15: =IFERROR(VLOOKUP($B15, blitz!$AU:$AV, 2, FALSE), 0) -> 0 | AQ15: =AND(AN15=AO15, AO15=AP15) -> TRUE | AR15: =IFERROR(VLOOKUP($B15, aegis!$AZ:$BA, 2, FALSE), 0) -> 20 | AS15: =IFERROR(VLOOKUP($B15, duel!$AZ:$BA, 2, FALSE), 0) -> 20 | AT15: =IFERROR(VLOOKUP($B15, blitz!$AZ:$BA, 2, FALSE), 0) -> 20 | AU15: =AND(AR15=AS15, AS15=AT15) -> TRUE | AV15: =IFERROR(VLOOKUP($B15, aegis!$BE:$BF, 2, FALSE), 0) -> 20 | AW15: =IFERROR(VLOOKUP($B15, duel!$BE:$BF, 2, FALSE), 0) -> 20 | AX15: =IFERROR(VLOOKUP($B15, blitz!$BE:$BF, 2, FALSE), 0) -> 20 | AY15: =AND(AV15=AW15, AW15=AX15) -> TRUE | AZ15: =IFERROR(VLOOKUP($B15, aegis!$BJ:$BK, 2, FALSE), 0) -> 1 | BA15: =IFERROR(VLOOKUP($B15, duel!$BJ:$BK, 2, FALSE), 0) -> 1 | BB15: =IFERROR(VLOOKUP($B15, blitz!$BJ:$BK, 2, FALSE), 0) -> 1 | BC15: =AND(AZ15=BA15, BA15=BB15) -> TRUE | BD15: =IFERROR(VLOOKUP($B15, aegis!$BO:$BP, 2, FALSE), 0) -> 0 | BE15: =IFERROR(VLOOKUP($B15, duel!$BO:$BP, 2, FALSE), 0) -> 0 | BF15: =IFERROR(VLOOKUP($B15, blitz!$BO:$BP, 2, FALSE), 0) -> 0 | BG15: =AND(BD15=BE15, BE15=BF15) -> TRUE | BH15: =IFERROR(VLOOKUP($B15, aegis!$BT:$BU, 2, FALSE), 0) -> 18 | BI15: =IFERROR(VLOOKUP($B15, duel!$BT:$BU, 2, FALSE), 0) -> 18 | BJ15: =IFERROR(VLOOKUP($B15, blitz!$BT:$BU, 2, FALSE), 0) -> 18 | BK15: =AND(BH15=BI15, BI15=BJ15) -> TRUE | BL15: =IFERROR(VLOOKUP($B15, aegis!$BY:$BZ, 2, FALSE), 0) -> 1 | BM15: =IFERROR(VLOOKUP($B15, duel!$BY:$BZ, 2, FALSE), 0) -> 1 | BN15: =IFERROR(VLOOKUP($B15, blitz!$BY:$BZ, 2, FALSE), 0) -> 1 | BO15: =AND(BL15=BM15, BM15=BN15) -> TRUE | BP15: =IFERROR(VLOOKUP($B15, aegis!$CD:$CE, 2, FALSE), 0) -> 64 | BQ15: =IFERROR(VLOOKUP($B15, duel!$CD:$CE, 2, FALSE), 0) -> 64 | BR15: =IFERROR(VLOOKUP($B15, blitz!$CD:$CE, 2, FALSE), 0) -> 64 | BS15: =AND(BP15=BQ15, BQ15=BR15) -> TRUE | BT15: =IFERROR(VLOOKUP($B15, aegis!$CI:$CJ, 2, FALSE), 0) -> 0 | BU15: =IFERROR(VLOOKUP($B15, duel!$CI:$CJ, 2, FALSE), 0) -> 0 | BV15: =IFERROR(VLOOKUP($B15, blitz!$CI:$CJ, 2, FALSE), 0) -> 0 | BW15: =AND(BT15=BU15, BU15=BV15) -> TRUE | BX15: =IFERROR(VLOOKUP($B15, aegis!$CN:$CO, 2, FALSE), 0) -> 0 | BY15: =IFERROR(VLOOKUP($B15, duel!$CN:$CO, 2, FALSE), 0) -> 0 | BZ15: =IFERROR(VLOOKUP($B15, blitz!$CN:$CO, 2, FALSE), 0) -> 0 | CA15: =AND(BX15=BY15, BY15=BZ15) -> TRUE | CB15: =IFERROR(VLOOKUP($B15, aegis!$CS:$CT, 2, FALSE), 0) -> 0 | CC15: =IFERROR(VLOOKUP($B15, duel!$CS:$CT, 2, FALSE), 0) -> 0 | CD15: =IFERROR(VLOOKUP($B15, blitz!$CS:$CT, 2, FALSE), 0) -> 0 | CE15: =AND(CB15=CC15, CC15=CD15) -> TRUE | CF15: =IFERROR(VLOOKUP($B15, aegis!$CX:$CY, 2, FALSE), 0) -> 1 | CG15: =IFERROR(VLOOKUP($B15, duel!$CX:$CY, 2, FALSE), 0) -> 1 | CH15: =IFERROR(VLOOKUP($B15, blitz!$CX:$CY, 2, FALSE), 0) -> 0 | CI15: =AND(CF15=CG15, CG15=CH15) -> FALSE | CJ15: =IFERROR(VLOOKUP($B15, aegis!$DC:$DD, 2, FALSE), 0) -> 2 | CK15: =IFERROR(VLOOKUP($B15, duel!$DC:$DD, 2, FALSE), 0) -> 2 | CL15: =IFERROR(VLOOKUP($B15, blitz!$DC:$DD, 2, FALSE), 0) -> 2 | CM15: =AND(CJ15=CK15, CK15=CL15) -> TRUE | CN15: =IFERROR(VLOOKUP($B15, aegis!$DH:$DI, 2, FALSE), 0) -> 19 | CO15: =IFERROR(VLOOKUP($B15, duel!$DH:$DI, 2, FALSE), 0) -> 18 | CP15: =IFERROR(VLOOKUP($B15, blitz!$DH:$DI, 2, FALSE), 0) -> 0 | CQ15: =AND(CN15=CO15) -> FALSE | CR15: =IFERROR(VLOOKUP($B15, aegis!$DM:$DN, 2, FALSE), 0) -> 10 | CS15: =IFERROR(VLOOKUP($B15, duel!$DM:$DN, 2, FALSE), 0) -> 9 | CT15: =IFERROR(VLOOKUP($B15, blitz!$DM:$DN, 2, FALSE), 0) -> 10 | CU15: =AND(CR15=CS15, CS15=CT15) -> FALSE | CV15: =IFERROR(VLOOKUP($B15, aegis!$DR:$DS, 2, FALSE), 0) -> 16 | CW15: =IFERROR(VLOOKUP($B15, duel!$DR:$DS, 2, FALSE), 0) -> 16 | CX15: =IFERROR(VLOOKUP($B15, blitz!$DR:$DS, 2, FALSE), 0) -> 16 | CY15: =AND(CV15=CW15, CW15=CX15) -> TRUE
B16: 02000004 | C16: =AND(G16,K16,O16,S16,W16,AA16,AE16,AI16,AM16,AQ16,AU16,AY16,BC16,BG16,BK16,BO16,BS16,BW16,CA16,CE16,CI16,CM16,CQ16,CU16,CY16) -> FALSE | D16: =IFERROR(VLOOKUP($B16, aegis!$B:$C, 2, FALSE), 0) -> 48 | E16: =IFERROR(VLOOKUP($B16, duel!$B:$C, 2, FALSE), 0) -> 48 | F16: =IFERROR(VLOOKUP($B16, blitz!$B:$C, 2, FALSE), 0) -> 48 | G16: =AND(D16=E16, E16=F16) -> TRUE | H16: =IFERROR(VLOOKUP($B16, aegis!$G:$H, 2, FALSE), 0) -> 28 | I16: =IFERROR(VLOOKUP($B16, duel!$G:$H, 2, FALSE), 0) -> 28 | J16: =IFERROR(VLOOKUP($B16, blitz!$G:$H, 2, FALSE), 0) -> 28 | K16: =AND(H16=I16, I16=J16) -> TRUE | L16: =IFERROR(VLOOKUP($B16, aegis!$L:$M, 2, FALSE), 0) -> 48 | M16: =IFERROR(VLOOKUP($B16, duel!$L:$M, 2, FALSE), 0) -> 48 | N16: =IFERROR(VLOOKUP($B16, blitz!$L:$M, 2, FALSE), 0) -> 48 | O16: =AND(L16=M16, M16=N16) -> TRUE | P16: =IFERROR(VLOOKUP($B16, aegis!$Q:$R, 2, FALSE), 0) -> 28 | Q16: =IFERROR(VLOOKUP($B16, duel!$Q:$R, 2, FALSE), 0) -> 28 | R16: =IFERROR(VLOOKUP($B16, blitz!$Q:$R, 2, FALSE), 0) -> 28 | S16: =AND(P16=Q16, Q16=R16) -> TRUE | T16: =IFERROR(VLOOKUP($B16, aegis!$V:$W, 2, FALSE), 0) -> 794 | U16: =IFERROR(VLOOKUP($B16, duel!$V:$W, 2, FALSE), 0) -> 794 | V16: =IFERROR(VLOOKUP($B16, blitz!$V:$W, 2, FALSE), 0) -> 794 | W16: =AND(T16=U16, U16=V16) -> TRUE | X16: =IFERROR(VLOOKUP($B16, aegis!$AA:$AB, 2, FALSE), 0) -> 4 | Y16: =IFERROR(VLOOKUP($B16, duel!$AA:$AB, 2, FALSE), 0) -> 8 | Z16: =IFERROR(VLOOKUP($B16, blitz!$AA:$AB, 2, FALSE), 0) -> 4 | AA16: =AND(X16=Y16, Y16=Z16) -> FALSE | AB16: =IFERROR(VLOOKUP($B16, aegis!$AF:$AG, 2, FALSE), 0) -> 794 | AC16: =IFERROR(VLOOKUP($B16, duel!$AF:$AG, 2, FALSE), 0) -> 794 | AD16: =IFERROR(VLOOKUP($B16, blitz!$AF:$AG, 2, FALSE), 0) -> 794 | AE16: =AND(AB16=AC16, AC16=AD16) -> TRUE | AF16: =IFERROR(VLOOKUP($B16, aegis!$AK:$AL, 2, FALSE), 0) -> 5 | AG16: =IFERROR(VLOOKUP($B16, duel!$AK:$AL, 2, FALSE), 0) -> 1 | AH16: =IFERROR(VLOOKUP($B16, blitz!$AK:$AL, 2, FALSE), 0) -> 1 | AI16: =AND(AF16=AG16, AG16=AH16) -> FALSE | AJ16: =IFERROR(VLOOKUP($B16, aegis!$AP:$AQ, 2, FALSE), 0) -> 3 | AK16: =IFERROR(VLOOKUP($B16, duel!$AP:$AQ, 2, FALSE), 0) -> 3 | AL16: =IFERROR(VLOOKUP($B16, blitz!$AP:$AQ, 2, FALSE), 0) -> 3 | AM16: =AND(AJ16=AK16, AK16=AL16) -> TRUE | AN16: =IFERROR(VLOOKUP($B16, aegis!$AU:$AV, 2, FALSE), 0) -> 0 | AO16: =IFERROR(VLOOKUP($B16, duel!$AU:$AV, 2, FALSE), 0) -> 0 | AP16: =IFERROR(VLOOKUP($B16, blitz!$AU:$AV, 2, FALSE), 0) -> 0 | AQ16: =AND(AN16=AO16, AO16=AP16) -> TRUE | AR16: =IFERROR(VLOOKUP($B16, aegis!$AZ:$BA, 2, FALSE), 0) -> 4 | AS16: =IFERROR(VLOOKUP($B16, duel!$AZ:$BA, 2, FALSE), 0) -> 4 | AT16: =IFERROR(VLOOKUP($B16, blitz!$AZ:$BA, 2, FALSE), 0) -> 4 | AU16: =AND(AR16=AS16, AS16=AT16) -> TRUE | AV16: =IFERROR(VLOOKUP($B16, aegis!$BE:$BF, 2, FALSE), 0) -> 3 | AW16: =IFERROR(VLOOKUP($B16, duel!$BE:$BF, 2, FALSE), 0) -> 3 | AX16: =IFERROR(VLOOKUP($B16, blitz!$BE:$BF, 2, FALSE), 0) -> 3 | AY16: =AND(AV16=AW16, AW16=AX16) -> TRUE | AZ16: =IFERROR(VLOOKUP($B16, aegis!$BJ:$BK, 2, FALSE), 0) -> 1 | BA16: =IFERROR(VLOOKUP($B16, duel!$BJ:$BK, 2, FALSE), 0) -> 1 | BB16: =IFERROR(VLOOKUP($B16, blitz!$BJ:$BK, 2, FALSE), 0) -> 1 | BC16: =AND(AZ16=BA16, BA16=BB16) -> TRUE | BD16: =IFERROR(VLOOKUP($B16, aegis!$BO:$BP, 2, FALSE), 0) -> 0 | BE16: =IFERROR(VLOOKUP($B16, duel!$BO:$BP, 2, FALSE), 0) -> 0 | BF16: =IFERROR(VLOOKUP($B16, blitz!$BO:$BP, 2, FALSE), 0) -> 0 | BG16: =AND(BD16=BE16, BE16=BF16) -> TRUE | BH16: =IFERROR(VLOOKUP($B16, aegis!$BT:$BU, 2, FALSE), 0) -> 319 | BI16: =IFERROR(VLOOKUP($B16, duel!$BT:$BU, 2, FALSE), 0) -> 319 | BJ16: =IFERROR(VLOOKUP($B16, blitz!$BT:$BU, 2, FALSE), 0) -> 319 | BK16: =AND(BH16=BI16, BI16=BJ16) -> TRUE | BL16: =IFERROR(VLOOKUP($B16, aegis!$BY:$BZ, 2, FALSE), 0) -> 3 | BM16: =IFERROR(VLOOKUP($B16, duel!$BY:$BZ, 2, FALSE), 0) -> 3 | BN16: =IFERROR(VLOOKUP($B16, blitz!$BY:$BZ, 2, FALSE), 0) -> 3 | BO16: =AND(BL16=BM16, BM16=BN16) -> TRUE | BP16: =IFERROR(VLOOKUP($B16, aegis!$CD:$CE, 2, FALSE), 0) -> 45 | BQ16: =IFERROR(VLOOKUP($B16, duel!$CD:$CE, 2, FALSE), 0) -> 45 | BR16: =IFERROR(VLOOKUP($B16, blitz!$CD:$CE, 2, FALSE), 0) -> 45 | BS16: =AND(BP16=BQ16, BQ16=BR16) -> TRUE | BT16: =IFERROR(VLOOKUP($B16, aegis!$CI:$CJ, 2, FALSE), 0) -> 1 | BU16: =IFERROR(VLOOKUP($B16, duel!$CI:$CJ, 2, FALSE), 0) -> 1 | BV16: =IFERROR(VLOOKUP($B16, blitz!$CI:$CJ, 2, FALSE), 0) -> 1 | BW16: =AND(BT16=BU16, BU16=BV16) -> TRUE | BX16: =IFERROR(VLOOKUP($B16, aegis!$CN:$CO, 2, FALSE), 0) -> 1 | BY16: =IFERROR(VLOOKUP($B16, duel!$CN:$CO, 2, FALSE), 0) -> 1 | BZ16: =IFERROR(VLOOKUP($B16, blitz!$CN:$CO, 2, FALSE), 0) -> 1 | CA16: =AND(BX16=BY16, BY16=BZ16) -> TRUE | CB16: =IFERROR(VLOOKUP($B16, aegis!$CS:$CT, 2, FALSE), 0) -> 4 | CC16: =IFERROR(VLOOKUP($B16, duel!$CS:$CT, 2, FALSE), 0) -> 4 | CD16: =IFERROR(VLOOKUP($B16, blitz!$CS:$CT, 2, FALSE), 0) -> 4 | CE16: =AND(CB16=CC16, CC16=CD16) -> TRUE | CF16: =IFERROR(VLOOKUP($B16, aegis!$CX:$CY, 2, FALSE), 0) -> 0 | CG16: =IFERROR(VLOOKUP($B16, duel!$CX:$CY, 2, FALSE), 0) -> 0 | CH16: =IFERROR(VLOOKUP($B16, blitz!$CX:$CY, 2, FALSE), 0) -> 0 | CI16: =AND(CF16=CG16, CG16=CH16) -> TRUE | CJ16: =IFERROR(VLOOKUP($B16, aegis!$DC:$DD, 2, FALSE), 0) -> 1 | CK16: =IFERROR(VLOOKUP($B16, duel!$DC:$DD, 2, FALSE), 0) -> 1 | CL16: =IFERROR(VLOOKUP($B16, blitz!$DC:$DD, 2, FALSE), 0) -> 1 | CM16: =AND(CJ16=CK16, CK16=CL16) -> TRUE | CN16: =IFERROR(VLOOKUP($B16, aegis!$DH:$DI, 2, FALSE), 0) -> 3 | CO16: =IFERROR(VLOOKUP($B16, duel!$DH:$DI, 2, FALSE), 0) -> 3 | CP16: =IFERROR(VLOOKUP($B16, blitz!$DH:$DI, 2, FALSE), 0) -> 0 | CQ16: =AND(CN16=CO16) -> TRUE | CR16: =IFERROR(VLOOKUP($B16, aegis!$DM:$DN, 2, FALSE), 0) -> 3 | CS16: =IFERROR(VLOOKUP($B16, duel!$DM:$DN, 2, FALSE), 0) -> 3 | CT16: =IFERROR(VLOOKUP($B16, blitz!$DM:$DN, 2, FALSE), 0) -> 3 | CU16: =AND(CR16=CS16, CS16=CT16) -> TRUE | CV16: =IFERROR(VLOOKUP($B16, aegis!$DR:$DS, 2, FALSE), 0) -> 794 | CW16: =IFERROR(VLOOKUP($B16, duel!$DR:$DS, 2, FALSE), 0) -> 794 | CX16: =IFERROR(VLOOKUP($B16, blitz!$DR:$DS, 2, FALSE), 0) -> 794 | CY16: =AND(CV16=CW16, CW16=CX16) -> TRUE
A17: ○ | B17: 02000005 | C17: =AND(G17,K17,O17,S17,W17,AA17,AE17,AI17,AM17,AQ17,AU17,AY17,BC17,BG17,BK17,BO17,BS17,BW17,CA17,CE17,CI17,CM17,CQ17,CU17,CY17) -> FALSE | D17: =IFERROR(VLOOKUP($B17, aegis!$B:$C, 2, FALSE), 0) -> 24 | E17: =IFERROR(VLOOKUP($B17, duel!$B:$C, 2, FALSE), 0) -> 24 | F17: =IFERROR(VLOOKUP($B17, blitz!$B:$C, 2, FALSE), 0) -> 24 | G17: =AND(D17=E17, E17=F17) -> TRUE | H17: =IFERROR(VLOOKUP($B17, aegis!$G:$H, 2, FALSE), 0) -> 14 | I17: =IFERROR(VLOOKUP($B17, duel!$G:$H, 2, FALSE), 0) -> 14 | J17: =IFERROR(VLOOKUP($B17, blitz!$G:$H, 2, FALSE), 0) -> 14 | K17: =AND(H17=I17, I17=J17) -> TRUE | L17: =IFERROR(VLOOKUP($B17, aegis!$L:$M, 2, FALSE), 0) -> 24 | M17: =IFERROR(VLOOKUP($B17, duel!$L:$M, 2, FALSE), 0) -> 24 | N17: =IFERROR(VLOOKUP($B17, blitz!$L:$M, 2, FALSE), 0) -> 24 | O17: =AND(L17=M17, M17=N17) -> TRUE | P17: =IFERROR(VLOOKUP($B17, aegis!$Q:$R, 2, FALSE), 0) -> 14 | Q17: =IFERROR(VLOOKUP($B17, duel!$Q:$R, 2, FALSE), 0) -> 14 | R17: =IFERROR(VLOOKUP($B17, blitz!$Q:$R, 2, FALSE), 0) -> 14 | S17: =AND(P17=Q17, Q17=R17) -> TRUE | T17: =IFERROR(VLOOKUP($B17, aegis!$V:$W, 2, FALSE), 0) -> 0 | U17: =IFERROR(VLOOKUP($B17, duel!$V:$W, 2, FALSE), 0) -> 0 | V17: =IFERROR(VLOOKUP($B17, blitz!$V:$W, 2, FALSE), 0) -> 0 | W17: =AND(T17=U17, U17=V17) -> TRUE | X17: =IFERROR(VLOOKUP($B17, aegis!$AA:$AB, 2, FALSE), 0) -> 2 | Y17: =IFERROR(VLOOKUP($B17, duel!$AA:$AB, 2, FALSE), 0) -> 2 | Z17: =IFERROR(VLOOKUP($B17, blitz!$AA:$AB, 2, FALSE), 0) -> 2 | AA17: =AND(X17=Y17, Y17=Z17) -> TRUE | AB17: =IFERROR(VLOOKUP($B17, aegis!$AF:$AG, 2, FALSE), 0) -> 56 | AC17: =IFERROR(VLOOKUP($B17, duel!$AF:$AG, 2, FALSE), 0) -> 56 | AD17: =IFERROR(VLOOKUP($B17, blitz!$AF:$AG, 2, FALSE), 0) -> 56 | AE17: =AND(AB17=AC17, AC17=AD17) -> TRUE | AF17: =IFERROR(VLOOKUP($B17, aegis!$AK:$AL, 2, FALSE), 0) -> 3 | AG17: =IFERROR(VLOOKUP($B17, duel!$AK:$AL, 2, FALSE), 0) -> 1 | AH17: =IFERROR(VLOOKUP($B17, blitz!$AK:$AL, 2, FALSE), 0) -> 1 | AI17: =AND(AF17=AG17, AG17=AH17) -> FALSE | AJ17: =IFERROR(VLOOKUP($B17, aegis!$AP:$AQ, 2, FALSE), 0) -> 1 | AK17: =IFERROR(VLOOKUP($B17, duel!$AP:$AQ, 2, FALSE), 0) -> 1 | AL17: =IFERROR(VLOOKUP($B17, blitz!$AP:$AQ, 2, FALSE), 0) -> 1 | AM17: =AND(AJ17=AK17, AK17=AL17) -> TRUE | AN17: =IFERROR(VLOOKUP($B17, aegis!$AU:$AV, 2, FALSE), 0) -> 0 | AO17: =IFERROR(VLOOKUP($B17, duel!$AU:$AV, 2, FALSE), 0) -> 0 | AP17: =IFERROR(VLOOKUP($B17, blitz!$AU:$AV, 2, FALSE), 0) -> 0 | AQ17: =AND(AN17=AO17, AO17=AP17) -> TRUE | AR17: =IFERROR(VLOOKUP($B17, aegis!$AZ:$BA, 2, FALSE), 0) -> 2 | AS17: =IFERROR(VLOOKUP($B17, duel!$AZ:$BA, 2, FALSE), 0) -> 2 | AT17: =IFERROR(VLOOKUP($B17, blitz!$AZ:$BA, 2, FALSE), 0) -> 2 | AU17: =AND(AR17=AS17, AS17=AT17) -> TRUE | AV17: =IFERROR(VLOOKUP($B17, aegis!$BE:$BF, 2, FALSE), 0) -> 1 | AW17: =IFERROR(VLOOKUP($B17, duel!$BE:$BF, 2, FALSE), 0) -> 1 | AX17: =IFERROR(VLOOKUP($B17, blitz!$BE:$BF, 2, FALSE), 0) -> 1 | AY17: =AND(AV17=AW17, AW17=AX17) -> TRUE | AZ17: =IFERROR(VLOOKUP($B17, aegis!$BJ:$BK, 2, FALSE), 0) -> 1 | BA17: =IFERROR(VLOOKUP($B17, duel!$BJ:$BK, 2, FALSE), 0) -> 1 | BB17: =IFERROR(VLOOKUP($B17, blitz!$BJ:$BK, 2, FALSE), 0) -> 1 | BC17: =AND(AZ17=BA17, BA17=BB17) -> TRUE | BD17: =IFERROR(VLOOKUP($B17, aegis!$BO:$BP, 2, FALSE), 0) -> 0 | BE17: =IFERROR(VLOOKUP($B17, duel!$BO:$BP, 2, FALSE), 0) -> 0 | BF17: =IFERROR(VLOOKUP($B17, blitz!$BO:$BP, 2, FALSE), 0) -> 0 | BG17: =AND(BD17=BE17, BE17=BF17) -> TRUE | BH17: =IFERROR(VLOOKUP($B17, aegis!$BT:$BU, 2, FALSE), 0) -> 3 | BI17: =IFERROR(VLOOKUP($B17, duel!$BT:$BU, 2, FALSE), 0) -> 3 | BJ17: =IFERROR(VLOOKUP($B17, blitz!$BT:$BU, 2, FALSE), 0) -> 3 | BK17: =AND(BH17=BI17, BI17=BJ17) -> TRUE | BL17: =IFERROR(VLOOKUP($B17, aegis!$BY:$BZ, 2, FALSE), 0) -> 1 | BM17: =IFERROR(VLOOKUP($B17, duel!$BY:$BZ, 2, FALSE), 0) -> 1 | BN17: =IFERROR(VLOOKUP($B17, blitz!$BY:$BZ, 2, FALSE), 0) -> 1 | BO17: =AND(BL17=BM17, BM17=BN17) -> TRUE | BP17: =IFERROR(VLOOKUP($B17, aegis!$CD:$CE, 2, FALSE), 0) -> 3 | BQ17: =IFERROR(VLOOKUP($B17, duel!$CD:$CE, 2, FALSE), 0) -> 3 | BR17: =IFERROR(VLOOKUP($B17, blitz!$CD:$CE, 2, FALSE), 0) -> 3 | BS17: =AND(BP17=BQ17, BQ17=BR17) -> TRUE | BT17: =IFERROR(VLOOKUP($B17, aegis!$CI:$CJ, 2, FALSE), 0) -> 0 | BU17: =IFERROR(VLOOKUP($B17, duel!$CI:$CJ, 2, FALSE), 0) -> 0 | BV17: =IFERROR(VLOOKUP($B17, blitz!$CI:$CJ, 2, FALSE), 0) -> 0 | BW17: =AND(BT17=BU17, BU17=BV17) -> TRUE | BX17: =IFERROR(VLOOKUP($B17, aegis!$CN:$CO, 2, FALSE), 0) -> 0 | BY17: =IFERROR(VLOOKUP($B17, duel!$CN:$CO, 2, FALSE), 0) -> 0 | BZ17: =IFERROR(VLOOKUP($B17, blitz!$CN:$CO, 2, FALSE), 0) -> 0 | CA17: =AND(BX17=BY17, BY17=BZ17) -> TRUE | CB17: =IFERROR(VLOOKUP($B17, aegis!$CS:$CT, 2, FALSE), 0) -> 0 | CC17: =IFERROR(VLOOKUP($B17, duel!$CS:$CT, 2, FALSE), 0) -> 0 | CD17: =IFERROR(VLOOKUP($B17, blitz!$CS:$CT, 2, FALSE), 0) -> 0 | CE17: =AND(CB17=CC17, CC17=CD17) -> TRUE | CF17: =IFERROR(VLOOKUP($B17, aegis!$CX:$CY, 2, FALSE), 0) -> 0 | CG17: =IFERROR(VLOOKUP($B17, duel!$CX:$CY, 2, FALSE), 0) -> 0 | CH17: =IFERROR(VLOOKUP($B17, blitz!$CX:$CY, 2, FALSE), 0) -> 0 | CI17: =AND(CF17=CG17, CG17=CH17) -> TRUE | CJ17: =IFERROR(VLOOKUP($B17, aegis!$DC:$DD, 2, FALSE), 0) -> 2 | CK17: =IFERROR(VLOOKUP($B17, duel!$DC:$DD, 2, FALSE), 0) -> 2 | CL17: =IFERROR(VLOOKUP($B17, blitz!$DC:$DD, 2, FALSE), 0) -> 2 | CM17: =AND(CJ17=CK17, CK17=CL17) -> TRUE | CN17: =IFERROR(VLOOKUP($B17, aegis!$DH:$DI, 2, FALSE), 0) -> 1 | CO17: =IFERROR(VLOOKUP($B17, duel!$DH:$DI, 2, FALSE), 0) -> 0 | CP17: =IFERROR(VLOOKUP($B17, blitz!$DH:$DI, 2, FALSE), 0) -> 0 | CQ17: =AND(CN17=CO17) -> FALSE | CR17: =IFERROR(VLOOKUP($B17, aegis!$DM:$DN, 2, FALSE), 0) -> 1 | CS17: =IFERROR(VLOOKUP($B17, duel!$DM:$DN, 2, FALSE), 0) -> 0 | CT17: =IFERROR(VLOOKUP($B17, blitz!$DM:$DN, 2, FALSE), 0) -> 1 | CU17: =AND(CR17=CS17, CS17=CT17) -> FALSE | CV17: =IFERROR(VLOOKUP($B17, aegis!$DR:$DS, 2, FALSE), 0) -> 56 | CW17: =IFERROR(VLOOKUP($B17, duel!$DR:$DS, 2, FALSE), 0) -> 56 | CX17: =IFERROR(VLOOKUP($B17, blitz!$DR:$DS, 2, FALSE), 0) -> 56 | CY17: =AND(CV17=CW17, CW17=CX17) -> TRUE
A18: ○ | B18: 02000011 | C18: =AND(G18,K18,O18,S18,W18,AA18,AE18,AI18,AM18,AQ18,AU18,AY18,BC18,BG18,BK18,BO18,BS18,BW18,CA18,CE18,CI18,CM18,CQ18,CU18,CY18) -> FALSE | D18: =IFERROR(VLOOKUP($B18, aegis!$B:$C, 2, FALSE), 0) -> 72 | E18: =IFERROR(VLOOKUP($B18, duel!$B:$C, 2, FALSE), 0) -> 72 | F18: =IFERROR(VLOOKUP($B18, blitz!$B:$C, 2, FALSE), 0) -> 72 | G18: =AND(D18=E18, E18=F18) -> TRUE | H18: =IFERROR(VLOOKUP($B18, aegis!$G:$H, 2, FALSE), 0) -> 42 | I18: =IFERROR(VLOOKUP($B18, duel!$G:$H, 2, FALSE), 0) -> 42 | J18: =IFERROR(VLOOKUP($B18, blitz!$G:$H, 2, FALSE), 0) -> 42 | K18: =AND(H18=I18, I18=J18) -> TRUE | L18: =IFERROR(VLOOKUP($B18, aegis!$L:$M, 2, FALSE), 0) -> 72 | M18: =IFERROR(VLOOKUP($B18, duel!$L:$M, 2, FALSE), 0) -> 72 | N18: =IFERROR(VLOOKUP($B18, blitz!$L:$M, 2, FALSE), 0) -> 72 | O18: =AND(L18=M18, M18=N18) -> TRUE | P18: =IFERROR(VLOOKUP($B18, aegis!$Q:$R, 2, FALSE), 0) -> 42 | Q18: =IFERROR(VLOOKUP($B18, duel!$Q:$R, 2, FALSE), 0) -> 42 | R18: =IFERROR(VLOOKUP($B18, blitz!$Q:$R, 2, FALSE), 0) -> 42 | S18: =AND(P18=Q18, Q18=R18) -> TRUE | T18: =IFERROR(VLOOKUP($B18, aegis!$V:$W, 2, FALSE), 0) -> 429 | U18: =IFERROR(VLOOKUP($B18, duel!$V:$W, 2, FALSE), 0) -> 429 | V18: =IFERROR(VLOOKUP($B18, blitz!$V:$W, 2, FALSE), 0) -> 429 | W18: =AND(T18=U18, U18=V18) -> TRUE | X18: =IFERROR(VLOOKUP($B18, aegis!$AA:$AB, 2, FALSE), 0) -> 3 | Y18: =IFERROR(VLOOKUP($B18, duel!$AA:$AB, 2, FALSE), 0) -> 6 | Z18: =IFERROR(VLOOKUP($B18, blitz!$AA:$AB, 2, FALSE), 0) -> 3 | AA18: =AND(X18=Y18, Y18=Z18) -> FALSE | AB18: =IFERROR(VLOOKUP($B18, aegis!$AF:$AG, 2, FALSE), 0) -> 192 | AC18: =IFERROR(VLOOKUP($B18, duel!$AF:$AG, 2, FALSE), 0) -> 192 | AD18: =IFERROR(VLOOKUP($B18, blitz!$AF:$AG, 2, FALSE), 0) -> 192 | AE18: =AND(AB18=AC18, AC18=AD18) -> TRUE | AF18: =IFERROR(VLOOKUP($B18, aegis!$AK:$AL, 2, FALSE), 0) -> 4 | AG18: =IFERROR(VLOOKUP($B18, duel!$AK:$AL, 2, FALSE), 0) -> 1 | AH18: =IFERROR(VLOOKUP($B18, blitz!$AK:$AL, 2, FALSE), 0) -> 1 | AI18: =AND(AF18=AG18, AG18=AH18) -> FALSE | AJ18: =IFERROR(VLOOKUP($B18, aegis!$AP:$AQ, 2, FALSE), 0) -> 4 | AK18: =IFERROR(VLOOKUP($B18, duel!$AP:$AQ, 2, FALSE), 0) -> 4 | AL18: =IFERROR(VLOOKUP($B18, blitz!$AP:$AQ, 2, FALSE), 0) -> 4 | AM18: =AND(AJ18=AK18, AK18=AL18) -> TRUE | AN18: =IFERROR(VLOOKUP($B18, aegis!$AU:$AV, 2, FALSE), 0) -> 0 | AO18: =IFERROR(VLOOKUP($B18, duel!$AU:$AV, 2, FALSE), 0) -> 0 | AP18: =IFERROR(VLOOKUP($B18, blitz!$AU:$AV, 2, FALSE), 0) -> 0 | AQ18: =AND(AN18=AO18, AO18=AP18) -> TRUE | AR18: =IFERROR(VLOOKUP($B18, aegis!$AZ:$BA, 2, FALSE), 0) -> 3 | AS18: =IFERROR(VLOOKUP($B18, duel!$AZ:$BA, 2, FALSE), 0) -> 3 | AT18: =IFERROR(VLOOKUP($B18, blitz!$AZ:$BA, 2, FALSE), 0) -> 3 | AU18: =AND(AR18=AS18, AS18=AT18) -> TRUE | AV18: =IFERROR(VLOOKUP($B18, aegis!$BE:$BF, 2, FALSE), 0) -> 2 | AW18: =IFERROR(VLOOKUP($B18, duel!$BE:$BF, 2, FALSE), 0) -> 2 | AX18: =IFERROR(VLOOKUP($B18, blitz!$BE:$BF, 2, FALSE), 0) -> 2 | AY18: =AND(AV18=AW18, AW18=AX18) -> TRUE | AZ18: =IFERROR(VLOOKUP($B18, aegis!$BJ:$BK, 2, FALSE), 0) -> 1 | BA18: =IFERROR(VLOOKUP($B18, duel!$BJ:$BK, 2, FALSE), 0) -> 1 | BB18: =IFERROR(VLOOKUP($B18, blitz!$BJ:$BK, 2, FALSE), 0) -> 1 | BC18: =AND(AZ18=BA18, BA18=BB18) -> TRUE | BD18: =IFERROR(VLOOKUP($B18, aegis!$BO:$BP, 2, FALSE), 0) -> 0 | BE18: =IFERROR(VLOOKUP($B18, duel!$BO:$BP, 2, FALSE), 0) -> 0 | BF18: =IFERROR(VLOOKUP($B18, blitz!$BO:$BP, 2, FALSE), 0) -> 0 | BG18: =AND(BD18=BE18, BE18=BF18) -> TRUE | BH18: =IFERROR(VLOOKUP($B18, aegis!$BT:$BU, 2, FALSE), 0) -> 249 | BI18: =IFERROR(VLOOKUP($B18, duel!$BT:$BU, 2, FALSE), 0) -> 249 | BJ18: =IFERROR(VLOOKUP($B18, blitz!$BT:$BU, 2, FALSE), 0) -> 249 | BK18: =AND(BH18=BI18, BI18=BJ18) -> TRUE | BL18: =IFERROR(VLOOKUP($B18, aegis!$BY:$BZ, 2, FALSE), 0) -> 2 | BM18: =IFERROR(VLOOKUP($B18, duel!$BY:$BZ, 2, FALSE), 0) -> 2 | BN18: =IFERROR(VLOOKUP($B18, blitz!$BY:$BZ, 2, FALSE), 0) -> 2 | BO18: =AND(BL18=BM18, BM18=BN18) -> TRUE | BP18: =IFERROR(VLOOKUP($B18, aegis!$CD:$CE, 2, FALSE), 0) -> 11 | BQ18: =IFERROR(VLOOKUP($B18, duel!$CD:$CE, 2, FALSE), 0) -> 11 | BR18: =IFERROR(VLOOKUP($B18, blitz!$CD:$CE, 2, FALSE), 0) -> 11 | BS18: =AND(BP18=BQ18, BQ18=BR18) -> TRUE | BT18: =IFERROR(VLOOKUP($B18, aegis!$CI:$CJ, 2, FALSE), 0) -> 304 | BU18: =IFERROR(VLOOKUP($B18, duel!$CI:$CJ, 2, FALSE), 0) -> 304 | BV18: =IFERROR(VLOOKUP($B18, blitz!$CI:$CJ, 2, FALSE), 0) -> 304 | BW18: =AND(BT18=BU18, BU18=BV18) -> TRUE | BX18: =IFERROR(VLOOKUP($B18, aegis!$CN:$CO, 2, FALSE), 0) -> 304 | BY18: =IFERROR(VLOOKUP($B18, duel!$CN:$CO, 2, FALSE), 0) -> 304 | BZ18: =IFERROR(VLOOKUP($B18, blitz!$CN:$CO, 2, FALSE), 0) -> 304 | CA18: =AND(BX18=BY18, BY18=BZ18) -> TRUE | CB18: =IFERROR(VLOOKUP($B18, aegis!$CS:$CT, 2, FALSE), 0) -> 1428 | CC18: =IFERROR(VLOOKUP($B18, duel!$CS:$CT, 2, FALSE), 0) -> 1428 | CD18: =IFERROR(VLOOKUP($B18, blitz!$CS:$CT, 2, FALSE), 0) -> 1428 | CE18: =AND(CB18=CC18, CC18=CD18) -> TRUE | CF18: =IFERROR(VLOOKUP($B18, aegis!$CX:$CY, 2, FALSE), 0) -> 97888 | CG18: =IFERROR(VLOOKUP($B18, duel!$CX:$CY, 2, FALSE), 0) -> 97869 | CH18: =IFERROR(VLOOKUP($B18, blitz!$CX:$CY, 2, FALSE), 0) -> 18850 | CI18: =AND(CF18=CG18, CG18=CH18) -> FALSE | CJ18: =IFERROR(VLOOKUP($B18, aegis!$DC:$DD, 2, FALSE), 0) -> 1 | CK18: =IFERROR(VLOOKUP($B18, duel!$DC:$DD, 2, FALSE), 0) -> 1 | CL18: =IFERROR(VLOOKUP($B18, blitz!$DC:$DD, 2, FALSE), 0) -> 1 | CM18: =AND(CJ18=CK18, CK18=CL18) -> TRUE | CN18: =IFERROR(VLOOKUP($B18, aegis!$DH:$DI, 2, FALSE), 0) -> 4 | CO18: =IFERROR(VLOOKUP($B18, duel!$DH:$DI, 2, FALSE), 0) -> 4 | CP18: =IFERROR(VLOOKUP($B18, blitz!$DH:$DI, 2, FALSE), 0) -> 0 | CQ18: =AND(CN18=CO18) -> TRUE | CR18: =IFERROR(VLOOKUP($B18, aegis!$DM:$DN, 2, FALSE), 0) -> 3 | CS18: =IFERROR(VLOOKUP($B18, duel!$DM:$DN, 2, FALSE), 0) -> 3 | CT18: =IFERROR(VLOOKUP($B18, blitz!$DM:$DN, 2, FALSE), 0) -> 3 | CU18: =AND(CR18=CS18, CS18=CT18) -> TRUE | CV18: =IFERROR(VLOOKUP($B18, aegis!$DR:$DS, 2, FALSE), 0) -> 192 | CW18: =IFERROR(VLOOKUP($B18, duel!$DR:$DS, 2, FALSE), 0) -> 192 | CX18: =IFERROR(VLOOKUP($B18, blitz!$DR:$DS, 2, FALSE), 0) -> 192 | CY18: =AND(CV18=CW18, CW18=CX18) -> TRUE
A19: ○ | B19: 02000012 | C19: =AND(G19,K19,O19,S19,W19,AA19,AE19,AI19,AM19,AQ19,AU19,AY19,BC19,BG19,BK19,BO19,BS19,BW19,CA19,CE19,CI19,CM19,CQ19,CU19,CY19) -> FALSE | D19: =IFERROR(VLOOKUP($B19, aegis!$B:$C, 2, FALSE), 0) -> 108 | E19: =IFERROR(VLOOKUP($B19, duel!$B:$C, 2, FALSE), 0) -> 108 | F19: =IFERROR(VLOOKUP($B19, blitz!$B:$C, 2, FALSE), 0) -> 108 | G19: =AND(D19=E19, E19=F19) -> TRUE | H19: =IFERROR(VLOOKUP($B19, aegis!$G:$H, 2, FALSE), 0) -> 63 | I19: =IFERROR(VLOOKUP($B19, duel!$G:$H, 2, FALSE), 0) -> 63 | J19: =IFERROR(VLOOKUP($B19, blitz!$G:$H, 2, FALSE), 0) -> 63 | K19: =AND(H19=I19, I19=J19) -> TRUE | L19: =IFERROR(VLOOKUP($B19, aegis!$L:$M, 2, FALSE), 0) -> 108 | M19: =IFERROR(VLOOKUP($B19, duel!$L:$M, 2, FALSE), 0) -> 108 | N19: =IFERROR(VLOOKUP($B19, blitz!$L:$M, 2, FALSE), 0) -> 108 | O19: =AND(L19=M19, M19=N19) -> TRUE | P19: =IFERROR(VLOOKUP($B19, aegis!$Q:$R, 2, FALSE), 0) -> 63 | Q19: =IFERROR(VLOOKUP($B19, duel!$Q:$R, 2, FALSE), 0) -> 63 | R19: =IFERROR(VLOOKUP($B19, blitz!$Q:$R, 2, FALSE), 0) -> 63 | S19: =AND(P19=Q19, Q19=R19) -> TRUE | T19: =IFERROR(VLOOKUP($B19, aegis!$V:$W, 2, FALSE), 0) -> 1308 | U19: =IFERROR(VLOOKUP($B19, duel!$V:$W, 2, FALSE), 0) -> 1308 | V19: =IFERROR(VLOOKUP($B19, blitz!$V:$W, 2, FALSE), 0) -> 1308 | W19: =AND(T19=U19, U19=V19) -> TRUE | X19: =IFERROR(VLOOKUP($B19, aegis!$AA:$AB, 2, FALSE), 0) -> 3 | Y19: =IFERROR(VLOOKUP($B19, duel!$AA:$AB, 2, FALSE), 0) -> 6 | Z19: =IFERROR(VLOOKUP($B19, blitz!$AA:$AB, 2, FALSE), 0) -> 3 | AA19: =AND(X19=Y19, Y19=Z19) -> FALSE | AB19: =IFERROR(VLOOKUP($B19, aegis!$AF:$AG, 2, FALSE), 0) -> 341 | AC19: =IFERROR(VLOOKUP($B19, duel!$AF:$AG, 2, FALSE), 0) -> 341 | AD19: =IFERROR(VLOOKUP($B19, blitz!$AF:$AG, 2, FALSE), 0) -> 341 | AE19: =AND(AB19=AC19, AC19=AD19) -> TRUE | AF19: =IFERROR(VLOOKUP($B19, aegis!$AK:$AL, 2, FALSE), 0) -> 4 | AG19: =IFERROR(VLOOKUP($B19, duel!$AK:$AL, 2, FALSE), 0) -> 1 | AH19: =IFERROR(VLOOKUP($B19, blitz!$AK:$AL, 2, FALSE), 0) -> 1 | AI19: =AND(AF19=AG19, AG19=AH19) -> FALSE | AJ19: =IFERROR(VLOOKUP($B19, aegis!$AP:$AQ, 2, FALSE), 0) -> 3 | AK19: =IFERROR(VLOOKUP($B19, duel!$AP:$AQ, 2, FALSE), 0) -> 3 | AL19: =IFERROR(VLOOKUP($B19, blitz!$AP:$AQ, 2, FALSE), 0) -> 3 | AM19: =AND(AJ19=AK19, AK19=AL19) -> TRUE | AN19: =IFERROR(VLOOKUP($B19, aegis!$AU:$AV, 2, FALSE), 0) -> 0 | AO19: =IFERROR(VLOOKUP($B19, duel!$AU:$AV, 2, FALSE), 0) -> 0 | AP19: =IFERROR(VLOOKUP($B19, blitz!$AU:$AV, 2, FALSE), 0) -> 0 | AQ19: =AND(AN19=AO19, AO19=AP19) -> TRUE | AR19: =IFERROR(VLOOKUP($B19, aegis!$AZ:$BA, 2, FALSE), 0) -> 3 | AS19: =IFERROR(VLOOKUP($B19, duel!$AZ:$BA, 2, FALSE), 0) -> 3 | AT19: =IFERROR(VLOOKUP($B19, blitz!$AZ:$BA, 2, FALSE), 0) -> 3 | AU19: =AND(AR19=AS19, AS19=AT19) -> TRUE | AV19: =IFERROR(VLOOKUP($B19, aegis!$BE:$BF, 2, FALSE), 0) -> 3 | AW19: =IFERROR(VLOOKUP($B19, duel!$BE:$BF, 2, FALSE), 0) -> 3 | AX19: =IFERROR(VLOOKUP($B19, blitz!$BE:$BF, 2, FALSE), 0) -> 3 | AY19: =AND(AV19=AW19, AW19=AX19) -> TRUE | AZ19: =IFERROR(VLOOKUP($B19, aegis!$BJ:$BK, 2, FALSE), 0) -> 1 | BA19: =IFERROR(VLOOKUP($B19, duel!$BJ:$BK, 2, FALSE), 0) -> 1 | BB19: =IFERROR(VLOOKUP($B19, blitz!$BJ:$BK, 2, FALSE), 0) -> 1 | BC19: =AND(AZ19=BA19, BA19=BB19) -> TRUE | BD19: =IFERROR(VLOOKUP($B19, aegis!$BO:$BP, 2, FALSE), 0) -> 0 | BE19: =IFERROR(VLOOKUP($B19, duel!$BO:$BP, 2, FALSE), 0) -> 0 | BF19: =IFERROR(VLOOKUP($B19, blitz!$BO:$BP, 2, FALSE), 0) -> 0 | BG19: =AND(BD19=BE19, BE19=BF19) -> TRUE | BH19: =IFERROR(VLOOKUP($B19, aegis!$BT:$BU, 2, FALSE), 0) -> 165 | BI19: =IFERROR(VLOOKUP($B19, duel!$BT:$BU, 2, FALSE), 0) -> 165 | BJ19: =IFERROR(VLOOKUP($B19, blitz!$BT:$BU, 2, FALSE), 0) -> 165 | BK19: =AND(BH19=BI19, BI19=BJ19) -> TRUE | BL19: =IFERROR(VLOOKUP($B19, aegis!$BY:$BZ, 2, FALSE), 0) -> 1 | BM19: =IFERROR(VLOOKUP($B19, duel!$BY:$BZ, 2, FALSE), 0) -> 1 | BN19: =IFERROR(VLOOKUP($B19, blitz!$BY:$BZ, 2, FALSE), 0) -> 1 | BO19: =AND(BL19=BM19, BM19=BN19) -> TRUE | BP19: =IFERROR(VLOOKUP($B19, aegis!$CD:$CE, 2, FALSE), 0) -> 6 | BQ19: =IFERROR(VLOOKUP($B19, duel!$CD:$CE, 2, FALSE), 0) -> 6 | BR19: =IFERROR(VLOOKUP($B19, blitz!$CD:$CE, 2, FALSE), 0) -> 6 | BS19: =AND(BP19=BQ19, BQ19=BR19) -> TRUE | BT19: =IFERROR(VLOOKUP($B19, aegis!$CI:$CJ, 2, FALSE), 0) -> 0 | BU19: =IFERROR(VLOOKUP($B19, duel!$CI:$CJ, 2, FALSE), 0) -> 0 | BV19: =IFERROR(VLOOKUP($B19, blitz!$CI:$CJ, 2, FALSE), 0) -> 0 | BW19: =AND(BT19=BU19, BU19=BV19) -> TRUE | BX19: =IFERROR(VLOOKUP($B19, aegis!$CN:$CO, 2, FALSE), 0) -> 0 | BY19: =IFERROR(VLOOKUP($B19, duel!$CN:$CO, 2, FALSE), 0) -> 0 | BZ19: =IFERROR(VLOOKUP($B19, blitz!$CN:$CO, 2, FALSE), 0) -> 0 | CA19: =AND(BX19=BY19, BY19=BZ19) -> TRUE | CB19: =IFERROR(VLOOKUP($B19, aegis!$CS:$CT, 2, FALSE), 0) -> 0 | CC19: =IFERROR(VLOOKUP($B19, duel!$CS:$CT, 2, FALSE), 0) -> 0 | CD19: =IFERROR(VLOOKUP($B19, blitz!$CS:$CT, 2, FALSE), 0) -> 0 | CE19: =AND(CB19=CC19, CC19=CD19) -> TRUE | CF19: =IFERROR(VLOOKUP($B19, aegis!$CX:$CY, 2, FALSE), 0) -> 65382 | CG19: =IFERROR(VLOOKUP($B19, duel!$CX:$CY, 2, FALSE), 0) -> 65379 | CH19: =IFERROR(VLOOKUP($B19, blitz!$CX:$CY, 2, FALSE), 0) -> 13233 | CI19: =AND(CF19=CG19, CG19=CH19) -> FALSE | CJ19: =IFERROR(VLOOKUP($B19, aegis!$DC:$DD, 2, FALSE), 0) -> 1 | CK19: =IFERROR(VLOOKUP($B19, duel!$DC:$DD, 2, FALSE), 0) -> 1 | CL19: =IFERROR(VLOOKUP($B19, blitz!$DC:$DD, 2, FALSE), 0) -> 1 | CM19: =AND(CJ19=CK19, CK19=CL19) -> TRUE | CN19: =IFERROR(VLOOKUP($B19, aegis!$DH:$DI, 2, FALSE), 0) -> 2 | CO19: =IFERROR(VLOOKUP($B19, duel!$DH:$DI, 2, FALSE), 0) -> 2 | CP19: =IFERROR(VLOOKUP($B19, blitz!$DH:$DI, 2, FALSE), 0) -> 0 | CQ19: =AND(CN19=CO19) -> TRUE | CR19: =IFERROR(VLOOKUP($B19, aegis!$DM:$DN, 2, FALSE), 0) -> 2 | CS19: =IFERROR(VLOOKUP($B19, duel!$DM:$DN, 2, FALSE), 0) -> 2 | CT19: =IFERROR(VLOOKUP($B19, blitz!$DM:$DN, 2, FALSE), 0) -> 2 | CU19: =AND(CR19=CS19, CS19=CT19) -> TRUE | CV19: =IFERROR(VLOOKUP($B19, aegis!$DR:$DS, 2, FALSE), 0) -> 341 | CW19: =IFERROR(VLOOKUP($B19, duel!$DR:$DS, 2, FALSE), 0) -> 341 | CX19: =IFERROR(VLOOKUP($B19, blitz!$DR:$DS, 2, FALSE), 0) -> 341 | CY19: =AND(CV19=CW19, CW19=CX19) -> TRUE
B20: 02000013 | C20: =AND(G20,K20,O20,S20,W20,AA20,AE20,AI20,AM20,AQ20,AU20,AY20,BC20,BG20,BK20,BO20,BS20,BW20,CA20,CE20,CI20,CM20,CQ20,CU20,CY20) -> FALSE | D20: =IFERROR(VLOOKUP($B20, aegis!$B:$C, 2, FALSE), 0) -> 24 | E20: =IFERROR(VLOOKUP($B20, duel!$B:$C, 2, FALSE), 0) -> 24 | F20: =IFERROR(VLOOKUP($B20, blitz!$B:$C, 2, FALSE), 0) -> 24 | G20: =AND(D20=E20, E20=F20) -> TRUE | H20: =IFERROR(VLOOKUP($B20, aegis!$G:$H, 2, FALSE), 0) -> 14 | I20: =IFERROR(VLOOKUP($B20, duel!$G:$H, 2, FALSE), 0) -> 14 | J20: =IFERROR(VLOOKUP($B20, blitz!$G:$H, 2, FALSE), 0) -> 14 | K20: =AND(H20=I20, I20=J20) -> TRUE | L20: =IFERROR(VLOOKUP($B20, aegis!$L:$M, 2, FALSE), 0) -> 24 | M20: =IFERROR(VLOOKUP($B20, duel!$L:$M, 2, FALSE), 0) -> 24 | N20: =IFERROR(VLOOKUP($B20, blitz!$L:$M, 2, FALSE), 0) -> 24 | O20: =AND(L20=M20, M20=N20) -> TRUE | P20: =IFERROR(VLOOKUP($B20, aegis!$Q:$R, 2, FALSE), 0) -> 14 | Q20: =IFERROR(VLOOKUP($B20, duel!$Q:$R, 2, FALSE), 0) -> 14 | R20: =IFERROR(VLOOKUP($B20, blitz!$Q:$R, 2, FALSE), 0) -> 14 | S20: =AND(P20=Q20, Q20=R20) -> TRUE | T20: =IFERROR(VLOOKUP($B20, aegis!$V:$W, 2, FALSE), 0) -> 0 | U20: =IFERROR(VLOOKUP($B20, duel!$V:$W, 2, FALSE), 0) -> 0 | V20: =IFERROR(VLOOKUP($B20, blitz!$V:$W, 2, FALSE), 0) -> 0 | W20: =AND(T20=U20, U20=V20) -> TRUE | X20: =IFERROR(VLOOKUP($B20, aegis!$AA:$AB, 2, FALSE), 0) -> 2 | Y20: =IFERROR(VLOOKUP($B20, duel!$AA:$AB, 2, FALSE), 0) -> 4 | Z20: =IFERROR(VLOOKUP($B20, blitz!$AA:$AB, 2, FALSE), 0) -> 2 | AA20: =AND(X20=Y20, Y20=Z20) -> FALSE | AB20: =IFERROR(VLOOKUP($B20, aegis!$AF:$AG, 2, FALSE), 0) -> 0 | AC20: =IFERROR(VLOOKUP($B20, duel!$AF:$AG, 2, FALSE), 0) -> 0 | AD20: =IFERROR(VLOOKUP($B20, blitz!$AF:$AG, 2, FALSE), 0) -> 0 | AE20: =AND(AB20=AC20, AC20=AD20) -> TRUE | AF20: =IFERROR(VLOOKUP($B20, aegis!$AK:$AL, 2, FALSE), 0) -> 3 | AG20: =IFERROR(VLOOKUP($B20, duel!$AK:$AL, 2, FALSE), 0) -> 1 | AH20: =IFERROR(VLOOKUP($B20, blitz!$AK:$AL, 2, FALSE), 0) -> 1 | AI20: =AND(AF20=AG20, AG20=AH20) -> FALSE | AJ20: =IFERROR(VLOOKUP($B20, aegis!$AP:$AQ, 2, FALSE), 0) -> 1 | AK20: =IFERROR(VLOOKUP($B20, duel!$AP:$AQ, 2, FALSE), 0) -> 1 | AL20: =IFERROR(VLOOKUP($B20, blitz!$AP:$AQ, 2, FALSE), 0) -> 1 | AM20: =AND(AJ20=AK20, AK20=AL20) -> TRUE | AN20: =IFERROR(VLOOKUP($B20, aegis!$AU:$AV, 2, FALSE), 0) -> 0 | AO20: =IFERROR(VLOOKUP($B20, duel!$AU:$AV, 2, FALSE), 0) -> 0 | AP20: =IFERROR(VLOOKUP($B20, blitz!$AU:$AV, 2, FALSE), 0) -> 0 | AQ20: =AND(AN20=AO20, AO20=AP20) -> TRUE | AR20: =IFERROR(VLOOKUP($B20, aegis!$AZ:$BA, 2, FALSE), 0) -> 2 | AS20: =IFERROR(VLOOKUP($B20, duel!$AZ:$BA, 2, FALSE), 0) -> 2 | AT20: =IFERROR(VLOOKUP($B20, blitz!$AZ:$BA, 2, FALSE), 0) -> 2 | AU20: =AND(AR20=AS20, AS20=AT20) -> TRUE | AV20: =IFERROR(VLOOKUP($B20, aegis!$BE:$BF, 2, FALSE), 0) -> 1 | AW20: =IFERROR(VLOOKUP($B20, duel!$BE:$BF, 2, FALSE), 0) -> 1 | AX20: =IFERROR(VLOOKUP($B20, blitz!$BE:$BF, 2, FALSE), 0) -> 1 | AY20: =AND(AV20=AW20, AW20=AX20) -> TRUE | AZ20: =IFERROR(VLOOKUP($B20, aegis!$BJ:$BK, 2, FALSE), 0) -> 1 | BA20: =IFERROR(VLOOKUP($B20, duel!$BJ:$BK, 2, FALSE), 0) -> 1 | BB20: =IFERROR(VLOOKUP($B20, blitz!$BJ:$BK, 2, FALSE), 0) -> 1 | BC20: =AND(AZ20=BA20, BA20=BB20) -> TRUE | BD20: =IFERROR(VLOOKUP($B20, aegis!$BO:$BP, 2, FALSE), 0) -> 0 | BE20: =IFERROR(VLOOKUP($B20, duel!$BO:$BP, 2, FALSE), 0) -> 0 | BF20: =IFERROR(VLOOKUP($B20, blitz!$BO:$BP, 2, FALSE), 0) -> 0 | BG20: =AND(BD20=BE20, BE20=BF20) -> TRUE | BH20: =IFERROR(VLOOKUP($B20, aegis!$BT:$BU, 2, FALSE), 0) -> 1 | BI20: =IFERROR(VLOOKUP($B20, duel!$BT:$BU, 2, FALSE), 0) -> 1 | BJ20: =IFERROR(VLOOKUP($B20, blitz!$BT:$BU, 2, FALSE), 0) -> 1 | BK20: =AND(BH20=BI20, BI20=BJ20) -> TRUE | BL20: =IFERROR(VLOOKUP($B20, aegis!$BY:$BZ, 2, FALSE), 0) -> 0 | BM20: =IFERROR(VLOOKUP($B20, duel!$BY:$BZ, 2, FALSE), 0) -> 0 | BN20: =IFERROR(VLOOKUP($B20, blitz!$BY:$BZ, 2, FALSE), 0) -> 0 | BO20: =AND(BL20=BM20, BM20=BN20) -> TRUE | BP20: =IFERROR(VLOOKUP($B20, aegis!$CD:$CE, 2, FALSE), 0) -> 3 | BQ20: =IFERROR(VLOOKUP($B20, duel!$CD:$CE, 2, FALSE), 0) -> 3 | BR20: =IFERROR(VLOOKUP($B20, blitz!$CD:$CE, 2, FALSE), 0) -> 3 | BS20: =AND(BP20=BQ20, BQ20=BR20) -> TRUE | BT20: =IFERROR(VLOOKUP($B20, aegis!$CI:$CJ, 2, FALSE), 0) -> 0 | BU20: =IFERROR(VLOOKUP($B20, duel!$CI:$CJ, 2, FALSE), 0) -> 0 | BV20: =IFERROR(VLOOKUP($B20, blitz!$CI:$CJ, 2, FALSE), 0) -> 0 | BW20: =AND(BT20=BU20, BU20=BV20) -> TRUE | BX20: =IFERROR(VLOOKUP($B20, aegis!$CN:$CO, 2, FALSE), 0) -> 0 | BY20: =IFERROR(VLOOKUP($B20, duel!$CN:$CO, 2, FALSE), 0) -> 0 | BZ20: =IFERROR(VLOOKUP($B20, blitz!$CN:$CO, 2, FALSE), 0) -> 0 | CA20: =AND(BX20=BY20, BY20=BZ20) -> TRUE | CB20: =IFERROR(VLOOKUP($B20, aegis!$CS:$CT, 2, FALSE), 0) -> 0 | CC20: =IFERROR(VLOOKUP($B20, duel!$CS:$CT, 2, FALSE), 0) -> 0 | CD20: =IFERROR(VLOOKUP($B20, blitz!$CS:$CT, 2, FALSE), 0) -> 0 | CE20: =AND(CB20=CC20, CC20=CD20) -> TRUE | CF20: =IFERROR(VLOOKUP($B20, aegis!$CX:$CY, 2, FALSE), 0) -> 0 | CG20: =IFERROR(VLOOKUP($B20, duel!$CX:$CY, 2, FALSE), 0) -> 0 | CH20: =IFERROR(VLOOKUP($B20, blitz!$CX:$CY, 2, FALSE), 0) -> 0 | CI20: =AND(CF20=CG20, CG20=CH20) -> TRUE | CJ20: =IFERROR(VLOOKUP($B20, aegis!$DC:$DD, 2, FALSE), 0) -> 1 | CK20: =IFERROR(VLOOKUP($B20, duel!$DC:$DD, 2, FALSE), 0) -> 1 | CL20: =IFERROR(VLOOKUP($B20, blitz!$DC:$DD, 2, FALSE), 0) -> 1 | CM20: =AND(CJ20=CK20, CK20=CL20) -> TRUE | CN20: =IFERROR(VLOOKUP($B20, aegis!$DH:$DI, 2, FALSE), 0) -> 1 | CO20: =IFERROR(VLOOKUP($B20, duel!$DH:$DI, 2, FALSE), 0) -> 1 | CP20: =IFERROR(VLOOKUP($B20, blitz!$DH:$DI, 2, FALSE), 0) -> 0 | CQ20: =AND(CN20=CO20) -> TRUE | CR20: =IFERROR(VLOOKUP($B20, aegis!$DM:$DN, 2, FALSE), 0) -> 0 | CS20: =IFERROR(VLOOKUP($B20, duel!$DM:$DN, 2, FALSE), 0) -> 0 | CT20: =IFERROR(VLOOKUP($B20, blitz!$DM:$DN, 2, FALSE), 0) -> 0 | CU20: =AND(CR20=CS20, CS20=CT20) -> TRUE | CV20: =IFERROR(VLOOKUP($B20, aegis!$DR:$DS, 2, FALSE), 0) -> 0 | CW20: =IFERROR(VLOOKUP($B20, duel!$DR:$DS, 2, FALSE), 0) -> 0 | CX20: =IFERROR(VLOOKUP($B20, blitz!$DR:$DS, 2, FALSE), 0) -> 0 | CY20: =AND(CV20=CW20, CW20=CX20) -> TRUE
B21: 02000014 | C21: =AND(G21,K21,O21,S21,W21,AA21,AE21,AI21,AM21,AQ21,AU21,AY21,BC21,BG21,BK21,BO21,BS21,BW21,CA21,CE21,CI21,CM21,CQ21,CU21,CY21) -> FALSE | D21: =IFERROR(VLOOKUP($B21, aegis!$B:$C, 2, FALSE), 0) -> 24 | E21: =IFERROR(VLOOKUP($B21, duel!$B:$C, 2, FALSE), 0) -> 24 | F21: =IFERROR(VLOOKUP($B21, blitz!$B:$C, 2, FALSE), 0) -> 24 | G21: =AND(D21=E21, E21=F21) -> TRUE | H21: =IFERROR(VLOOKUP($B21, aegis!$G:$H, 2, FALSE), 0) -> 14 | I21: =IFERROR(VLOOKUP($B21, duel!$G:$H, 2, FALSE), 0) -> 14 | J21: =IFERROR(VLOOKUP($B21, blitz!$G:$H, 2, FALSE), 0) -> 14 | K21: =AND(H21=I21, I21=J21) -> TRUE | L21: =IFERROR(VLOOKUP($B21, aegis!$L:$M, 2, FALSE), 0) -> 24 | M21: =IFERROR(VLOOKUP($B21, duel!$L:$M, 2, FALSE), 0) -> 24 | N21: =IFERROR(VLOOKUP($B21, blitz!$L:$M, 2, FALSE), 0) -> 24 | O21: =AND(L21=M21, M21=N21) -> TRUE | P21: =IFERROR(VLOOKUP($B21, aegis!$Q:$R, 2, FALSE), 0) -> 14 | Q21: =IFERROR(VLOOKUP($B21, duel!$Q:$R, 2, FALSE), 0) -> 14 | R21: =IFERROR(VLOOKUP($B21, blitz!$Q:$R, 2, FALSE), 0) -> 14 | S21: =AND(P21=Q21, Q21=R21) -> TRUE | T21: =IFERROR(VLOOKUP($B21, aegis!$V:$W, 2, FALSE), 0) -> 0 | U21: =IFERROR(VLOOKUP($B21, duel!$V:$W, 2, FALSE), 0) -> 0 | V21: =IFERROR(VLOOKUP($B21, blitz!$V:$W, 2, FALSE), 0) -> 0 | W21: =AND(T21=U21, U21=V21) -> TRUE | X21: =IFERROR(VLOOKUP($B21, aegis!$AA:$AB, 2, FALSE), 0) -> 2 | Y21: =IFERROR(VLOOKUP($B21, duel!$AA:$AB, 2, FALSE), 0) -> 4 | Z21: =IFERROR(VLOOKUP($B21, blitz!$AA:$AB, 2, FALSE), 0) -> 2 | AA21: =AND(X21=Y21, Y21=Z21) -> FALSE | AB21: =IFERROR(VLOOKUP($B21, aegis!$AF:$AG, 2, FALSE), 0) -> 0 | AC21: =IFERROR(VLOOKUP($B21, duel!$AF:$AG, 2, FALSE), 0) -> 0 | AD21: =IFERROR(VLOOKUP($B21, blitz!$AF:$AG, 2, FALSE), 0) -> 0 | AE21: =AND(AB21=AC21, AC21=AD21) -> TRUE | AF21: =IFERROR(VLOOKUP($B21, aegis!$AK:$AL, 2, FALSE), 0) -> 3 | AG21: =IFERROR(VLOOKUP($B21, duel!$AK:$AL, 2, FALSE), 0) -> 1 | AH21: =IFERROR(VLOOKUP($B21, blitz!$AK:$AL, 2, FALSE), 0) -> 1 | AI21: =AND(AF21=AG21, AG21=AH21) -> FALSE | AJ21: =IFERROR(VLOOKUP($B21, aegis!$AP:$AQ, 2, FALSE), 0) -> 1 | AK21: =IFERROR(VLOOKUP($B21, duel!$AP:$AQ, 2, FALSE), 0) -> 1 | AL21: =IFERROR(VLOOKUP($B21, blitz!$AP:$AQ, 2, FALSE), 0) -> 1 | AM21: =AND(AJ21=AK21, AK21=AL21) -> TRUE | AN21: =IFERROR(VLOOKUP($B21, aegis!$AU:$AV, 2, FALSE), 0) -> 0 | AO21: =IFERROR(VLOOKUP($B21, duel!$AU:$AV, 2, FALSE), 0) -> 0 | AP21: =IFERROR(VLOOKUP($B21, blitz!$AU:$AV, 2, FALSE), 0) -> 0 | AQ21: =AND(AN21=AO21, AO21=AP21) -> TRUE | AR21: =IFERROR(VLOOKUP($B21, aegis!$AZ:$BA, 2, FALSE), 0) -> 2 | AS21: =IFERROR(VLOOKUP($B21, duel!$AZ:$BA, 2, FALSE), 0) -> 2 | AT21: =IFERROR(VLOOKUP($B21, blitz!$AZ:$BA, 2, FALSE), 0) -> 2 | AU21: =AND(AR21=AS21, AS21=AT21) -> TRUE | AV21: =IFERROR(VLOOKUP($B21, aegis!$BE:$BF, 2, FALSE), 0) -> 1 | AW21: =IFERROR(VLOOKUP($B21, duel!$BE:$BF, 2, FALSE), 0) -> 1 | AX21: =IFERROR(VLOOKUP($B21, blitz!$BE:$BF, 2, FALSE), 0) -> 1 | AY21: =AND(AV21=AW21, AW21=AX21) -> TRUE | AZ21: =IFERROR(VLOOKUP($B21, aegis!$BJ:$BK, 2, FALSE), 0) -> 1 | BA21: =IFERROR(VLOOKUP($B21, duel!$BJ:$BK, 2, FALSE), 0) -> 1 | BB21: =IFERROR(VLOOKUP($B21, blitz!$BJ:$BK, 2, FALSE), 0) -> 1 | BC21: =AND(AZ21=BA21, BA21=BB21) -> TRUE | BD21: =IFERROR(VLOOKUP($B21, aegis!$BO:$BP, 2, FALSE), 0) -> 0 | BE21: =IFERROR(VLOOKUP($B21, duel!$BO:$BP, 2, FALSE), 0) -> 0 | BF21: =IFERROR(VLOOKUP($B21, blitz!$BO:$BP, 2, FALSE), 0) -> 0 | BG21: =AND(BD21=BE21, BE21=BF21) -> TRUE | BH21: =IFERROR(VLOOKUP($B21, aegis!$BT:$BU, 2, FALSE), 0) -> 0 | BI21: =IFERROR(VLOOKUP($B21, duel!$BT:$BU, 2, FALSE), 0) -> 0 | BJ21: =IFERROR(VLOOKUP($B21, blitz!$BT:$BU, 2, FALSE), 0) -> 0 | BK21: =AND(BH21=BI21, BI21=BJ21) -> TRUE | BL21: =IFERROR(VLOOKUP($B21, aegis!$BY:$BZ, 2, FALSE), 0) -> 0 | BM21: =IFERROR(VLOOKUP($B21, duel!$BY:$BZ, 2, FALSE), 0) -> 0 | BN21: =IFERROR(VLOOKUP($B21, blitz!$BY:$BZ, 2, FALSE), 0) -> 0 | BO21: =AND(BL21=BM21, BM21=BN21) -> TRUE | BP21: =IFERROR(VLOOKUP($B21, aegis!$CD:$CE, 2, FALSE), 0) -> 3 | BQ21: =IFERROR(VLOOKUP($B21, duel!$CD:$CE, 2, FALSE), 0) -> 3 | BR21: =IFERROR(VLOOKUP($B21, blitz!$CD:$CE, 2, FALSE), 0) -> 3 | BS21: =AND(BP21=BQ21, BQ21=BR21) -> TRUE | BT21: =IFERROR(VLOOKUP($B21, aegis!$CI:$CJ, 2, FALSE), 0) -> 0 | BU21: =IFERROR(VLOOKUP($B21, duel!$CI:$CJ, 2, FALSE), 0) -> 0 | BV21: =IFERROR(VLOOKUP($B21, blitz!$CI:$CJ, 2, FALSE), 0) -> 0 | BW21: =AND(BT21=BU21, BU21=BV21) -> TRUE | BX21: =IFERROR(VLOOKUP($B21, aegis!$CN:$CO, 2, FALSE), 0) -> 0 | BY21: =IFERROR(VLOOKUP($B21, duel!$CN:$CO, 2, FALSE), 0) -> 0 | BZ21: =IFERROR(VLOOKUP($B21, blitz!$CN:$CO, 2, FALSE), 0) -> 0 | CA21: =AND(BX21=BY21, BY21=BZ21) -> TRUE | CB21: =IFERROR(VLOOKUP($B21, aegis!$CS:$CT, 2, FALSE), 0) -> 0 | CC21: =IFERROR(VLOOKUP($B21, duel!$CS:$CT, 2, FALSE), 0) -> 0 | CD21: =IFERROR(VLOOKUP($B21, blitz!$CS:$CT, 2, FALSE), 0) -> 0 | CE21: =AND(CB21=CC21, CC21=CD21) -> TRUE | CF21: =IFERROR(VLOOKUP($B21, aegis!$CX:$CY, 2, FALSE), 0) -> 0 | CG21: =IFERROR(VLOOKUP($B21, duel!$CX:$CY, 2, FALSE), 0) -> 0 | CH21: =IFERROR(VLOOKUP($B21, blitz!$CX:$CY, 2, FALSE), 0) -> 0 | CI21: =AND(CF21=CG21, CG21=CH21) -> TRUE | CJ21: =IFERROR(VLOOKUP($B21, aegis!$DC:$DD, 2, FALSE), 0) -> 1 | CK21: =IFERROR(VLOOKUP($B21, duel!$DC:$DD, 2, FALSE), 0) -> 1 | CL21: =IFERROR(VLOOKUP($B21, blitz!$DC:$DD, 2, FALSE), 0) -> 1 | CM21: =AND(CJ21=CK21, CK21=CL21) -> TRUE | CN21: =IFERROR(VLOOKUP($B21, aegis!$DH:$DI, 2, FALSE), 0) -> 0 | CO21: =IFERROR(VLOOKUP($B21, duel!$DH:$DI, 2, FALSE), 0) -> 0 | CP21: =IFERROR(VLOOKUP($B21, blitz!$DH:$DI, 2, FALSE), 0) -> 0 | CQ21: =AND(CN21=CO21) -> TRUE | CR21: =IFERROR(VLOOKUP($B21, aegis!$DM:$DN, 2, FALSE), 0) -> 0 | CS21: =IFERROR(VLOOKUP($B21, duel!$DM:$DN, 2, FALSE), 0) -> 0 | CT21: =IFERROR(VLOOKUP($B21, blitz!$DM:$DN, 2, FALSE), 0) -> 0 | CU21: =AND(CR21=CS21, CS21=CT21) -> TRUE | CV21: =IFERROR(VLOOKUP($B21, aegis!$DR:$DS, 2, FALSE), 0) -> 0 | CW21: =IFERROR(VLOOKUP($B21, duel!$DR:$DS, 2, FALSE), 0) -> 0 | CX21: =IFERROR(VLOOKUP($B21, blitz!$DR:$DS, 2, FALSE), 0) -> 0 | CY21: =AND(CV21=CW21, CW21=CX21) -> TRUE
A22: ○ | B22: 02000015 | C22: =AND(G22,K22,O22,S22,W22,AA22,AE22,AI22,AM22,AQ22,AU22,AY22,BC22,BG22,BK22,BO22,BS22,BW22,CA22,CE22,CI22,CM22,CQ22,CU22,CY22) -> FALSE | D22: =IFERROR(VLOOKUP($B22, aegis!$B:$C, 2, FALSE), 0) -> 72 | E22: =IFERROR(VLOOKUP($B22, duel!$B:$C, 2, FALSE), 0) -> 72 | F22: =IFERROR(VLOOKUP($B22, blitz!$B:$C, 2, FALSE), 0) -> 72 | G22: =AND(D22=E22, E22=F22) -> TRUE | H22: =IFERROR(VLOOKUP($B22, aegis!$G:$H, 2, FALSE), 0) -> 42 | I22: =IFERROR(VLOOKUP($B22, duel!$G:$H, 2, FALSE), 0) -> 42 | J22: =IFERROR(VLOOKUP($B22, blitz!$G:$H, 2, FALSE), 0) -> 42 | K22: =AND(H22=I22, I22=J22) -> TRUE | L22: =IFERROR(VLOOKUP($B22, aegis!$L:$M, 2, FALSE), 0) -> 72 | M22: =IFERROR(VLOOKUP($B22, duel!$L:$M, 2, FALSE), 0) -> 72 | N22: =IFERROR(VLOOKUP($B22, blitz!$L:$M, 2, FALSE), 0) -> 72 | O22: =AND(L22=M22, M22=N22) -> TRUE | P22: =IFERROR(VLOOKUP($B22, aegis!$Q:$R, 2, FALSE), 0) -> 42 | Q22: =IFERROR(VLOOKUP($B22, duel!$Q:$R, 2, FALSE), 0) -> 42 | R22: =IFERROR(VLOOKUP($B22, blitz!$Q:$R, 2, FALSE), 0) -> 42 | S22: =AND(P22=Q22, Q22=R22) -> TRUE | T22: =IFERROR(VLOOKUP($B22, aegis!$V:$W, 2, FALSE), 0) -> 583 | U22: =IFERROR(VLOOKUP($B22, duel!$V:$W, 2, FALSE), 0) -> 583 | V22: =IFERROR(VLOOKUP($B22, blitz!$V:$W, 2, FALSE), 0) -> 583 | W22: =AND(T22=U22, U22=V22) -> TRUE | X22: =IFERROR(VLOOKUP($B22, aegis!$AA:$AB, 2, FALSE), 0) -> 3 | Y22: =IFERROR(VLOOKUP($B22, duel!$AA:$AB, 2, FALSE), 0) -> 6 | Z22: =IFERROR(VLOOKUP($B22, blitz!$AA:$AB, 2, FALSE), 0) -> 3 | AA22: =AND(X22=Y22, Y22=Z22) -> FALSE | AB22: =IFERROR(VLOOKUP($B22, aegis!$AF:$AG, 2, FALSE), 0) -> 162 | AC22: =IFERROR(VLOOKUP($B22, duel!$AF:$AG, 2, FALSE), 0) -> 162 | AD22: =IFERROR(VLOOKUP($B22, blitz!$AF:$AG, 2, FALSE), 0) -> 162 | AE22: =AND(AB22=AC22, AC22=AD22) -> TRUE | AF22: =IFERROR(VLOOKUP($B22, aegis!$AK:$AL, 2, FALSE), 0) -> 4 | AG22: =IFERROR(VLOOKUP($B22, duel!$AK:$AL, 2, FALSE), 0) -> 1 | AH22: =IFERROR(VLOOKUP($B22, blitz!$AK:$AL, 2, FALSE), 0) -> 1 | AI22: =AND(AF22=AG22, AG22=AH22) -> FALSE | AJ22: =IFERROR(VLOOKUP($B22, aegis!$AP:$AQ, 2, FALSE), 0) -> 3 | AK22: =IFERROR(VLOOKUP($B22, duel!$AP:$AQ, 2, FALSE), 0) -> 3 | AL22: =IFERROR(VLOOKUP($B22, blitz!$AP:$AQ, 2, FALSE), 0) -> 3 | AM22: =AND(AJ22=AK22, AK22=AL22) -> TRUE | AN22: =IFERROR(VLOOKUP($B22, aegis!$AU:$AV, 2, FALSE), 0) -> 0 | AO22: =IFERROR(VLOOKUP($B22, duel!$AU:$AV, 2, FALSE), 0) -> 0 | AP22: =IFERROR(VLOOKUP($B22, blitz!$AU:$AV, 2, FALSE), 0) -> 0 | AQ22: =AND(AN22=AO22, AO22=AP22) -> TRUE | AR22: =IFERROR(VLOOKUP($B22, aegis!$AZ:$BA, 2, FALSE), 0) -> 3 | AS22: =IFERROR(VLOOKUP($B22, duel!$AZ:$BA, 2, FALSE), 0) -> 3 | AT22: =IFERROR(VLOOKUP($B22, blitz!$AZ:$BA, 2, FALSE), 0) -> 3 | AU22: =AND(AR22=AS22, AS22=AT22) -> TRUE | AV22: =IFERROR(VLOOKUP($B22, aegis!$BE:$BF, 2, FALSE), 0) -> 3 | AW22: =IFERROR(VLOOKUP($B22, duel!$BE:$BF, 2, FALSE), 0) -> 3 | AX22: =IFERROR(VLOOKUP($B22, blitz!$BE:$BF, 2, FALSE), 0) -> 3 | AY22: =AND(AV22=AW22, AW22=AX22) -> TRUE | AZ22: =IFERROR(VLOOKUP($B22, aegis!$BJ:$BK, 2, FALSE), 0) -> 1 | BA22: =IFERROR(VLOOKUP($B22, duel!$BJ:$BK, 2, FALSE), 0) -> 1 | BB22: =IFERROR(VLOOKUP($B22, blitz!$BJ:$BK, 2, FALSE), 0) -> 1 | BC22: =AND(AZ22=BA22, BA22=BB22) -> TRUE | BD22: =IFERROR(VLOOKUP($B22, aegis!$BO:$BP, 2, FALSE), 0) -> 0 | BE22: =IFERROR(VLOOKUP($B22, duel!$BO:$BP, 2, FALSE), 0) -> 0 | BF22: =IFERROR(VLOOKUP($B22, blitz!$BO:$BP, 2, FALSE), 0) -> 0 | BG22: =AND(BD22=BE22, BE22=BF22) -> TRUE | BH22: =IFERROR(VLOOKUP($B22, aegis!$BT:$BU, 2, FALSE), 0) -> 128 | BI22: =IFERROR(VLOOKUP($B22, duel!$BT:$BU, 2, FALSE), 0) -> 128 | BJ22: =IFERROR(VLOOKUP($B22, blitz!$BT:$BU, 2, FALSE), 0) -> 128 | BK22: =AND(BH22=BI22, BI22=BJ22) -> TRUE | BL22: =IFERROR(VLOOKUP($B22, aegis!$BY:$BZ, 2, FALSE), 0) -> 1 | BM22: =IFERROR(VLOOKUP($B22, duel!$BY:$BZ, 2, FALSE), 0) -> 1 | BN22: =IFERROR(VLOOKUP($B22, blitz!$BY:$BZ, 2, FALSE), 0) -> 1 | BO22: =AND(BL22=BM22, BM22=BN22) -> TRUE | BP22: =IFERROR(VLOOKUP($B22, aegis!$CD:$CE, 2, FALSE), 0) -> 5 | BQ22: =IFERROR(VLOOKUP($B22, duel!$CD:$CE, 2, FALSE), 0) -> 5 | BR22: =IFERROR(VLOOKUP($B22, blitz!$CD:$CE, 2, FALSE), 0) -> 5 | BS22: =AND(BP22=BQ22, BQ22=BR22) -> TRUE | BT22: =IFERROR(VLOOKUP($B22, aegis!$CI:$CJ, 2, FALSE), 0) -> 0 | BU22: =IFERROR(VLOOKUP($B22, duel!$CI:$CJ, 2, FALSE), 0) -> 0 | BV22: =IFERROR(VLOOKUP($B22, blitz!$CI:$CJ, 2, FALSE), 0) -> 0 | BW22: =AND(BT22=BU22, BU22=BV22) -> TRUE | BX22: =IFERROR(VLOOKUP($B22, aegis!$CN:$CO, 2, FALSE), 0) -> 0 | BY22: =IFERROR(VLOOKUP($B22, duel!$CN:$CO, 2, FALSE), 0) -> 0 | BZ22: =IFERROR(VLOOKUP($B22, blitz!$CN:$CO, 2, FALSE), 0) -> 0 | CA22: =AND(BX22=BY22, BY22=BZ22) -> TRUE | CB22: =IFERROR(VLOOKUP($B22, aegis!$CS:$CT, 2, FALSE), 0) -> 0 | CC22: =IFERROR(VLOOKUP($B22, duel!$CS:$CT, 2, FALSE), 0) -> 0 | CD22: =IFERROR(VLOOKUP($B22, blitz!$CS:$CT, 2, FALSE), 0) -> 0 | CE22: =AND(CB22=CC22, CC22=CD22) -> TRUE | CF22: =IFERROR(VLOOKUP($B22, aegis!$CX:$CY, 2, FALSE), 0) -> 46288 | CG22: =IFERROR(VLOOKUP($B22, duel!$CX:$CY, 2, FALSE), 0) -> 46279 | CH22: =IFERROR(VLOOKUP($B22, blitz!$CX:$CY, 2, FALSE), 0) -> 8224 | CI22: =AND(CF22=CG22, CG22=CH22) -> FALSE | CJ22: =IFERROR(VLOOKUP($B22, aegis!$DC:$DD, 2, FALSE), 0) -> 1 | CK22: =IFERROR(VLOOKUP($B22, duel!$DC:$DD, 2, FALSE), 0) -> 1 | CL22: =IFERROR(VLOOKUP($B22, blitz!$DC:$DD, 2, FALSE), 0) -> 1 | CM22: =AND(CJ22=CK22, CK22=CL22) -> TRUE | CN22: =IFERROR(VLOOKUP($B22, aegis!$DH:$DI, 2, FALSE), 0) -> 2 | CO22: =IFERROR(VLOOKUP($B22, duel!$DH:$DI, 2, FALSE), 0) -> 2 | CP22: =IFERROR(VLOOKUP($B22, blitz!$DH:$DI, 2, FALSE), 0) -> 0 | CQ22: =AND(CN22=CO22) -> TRUE | CR22: =IFERROR(VLOOKUP($B22, aegis!$DM:$DN, 2, FALSE), 0) -> 1 | CS22: =IFERROR(VLOOKUP($B22, duel!$DM:$DN, 2, FALSE), 0) -> 1 | CT22: =IFERROR(VLOOKUP($B22, blitz!$DM:$DN, 2, FALSE), 0) -> 1 | CU22: =AND(CR22=CS22, CS22=CT22) -> TRUE | CV22: =IFERROR(VLOOKUP($B22, aegis!$DR:$DS, 2, FALSE), 0) -> 162 | CW22: =IFERROR(VLOOKUP($B22, duel!$DR:$DS, 2, FALSE), 0) -> 162 | CX22: =IFERROR(VLOOKUP($B22, blitz!$DR:$DS, 2, FALSE), 0) -> 162 | CY22: =AND(CV22=CW22, CW22=CX22) -> TRUE
B23: 02000016 | C23: =AND(G23,K23,O23,S23,W23,AA23,AE23,AI23,AM23,AQ23,AU23,AY23,BC23,BG23,BK23,BO23,BS23,BW23,CA23,CE23,CI23,CM23,CQ23,CU23,CY23) -> FALSE | D23: =IFERROR(VLOOKUP($B23, aegis!$B:$C, 2, FALSE), 0) -> 60 | E23: =IFERROR(VLOOKUP($B23, duel!$B:$C, 2, FALSE), 0) -> 60 | F23: =IFERROR(VLOOKUP($B23, blitz!$B:$C, 2, FALSE), 0) -> 60 | G23: =AND(D23=E23, E23=F23) -> TRUE | H23: =IFERROR(VLOOKUP($B23, aegis!$G:$H, 2, FALSE), 0) -> 35 | I23: =IFERROR(VLOOKUP($B23, duel!$G:$H, 2, FALSE), 0) -> 35 | J23: =IFERROR(VLOOKUP($B23, blitz!$G:$H, 2, FALSE), 0) -> 35 | K23: =AND(H23=I23, I23=J23) -> TRUE | L23: =IFERROR(VLOOKUP($B23, aegis!$L:$M, 2, FALSE), 0) -> 60 | M23: =IFERROR(VLOOKUP($B23, duel!$L:$M, 2, FALSE), 0) -> 60 | N23: =IFERROR(VLOOKUP($B23, blitz!$L:$M, 2, FALSE), 0) -> 60 | O23: =AND(L23=M23, M23=N23) -> TRUE | P23: =IFERROR(VLOOKUP($B23, aegis!$Q:$R, 2, FALSE), 0) -> 35 | Q23: =IFERROR(VLOOKUP($B23, duel!$Q:$R, 2, FALSE), 0) -> 35 | R23: =IFERROR(VLOOKUP($B23, blitz!$Q:$R, 2, FALSE), 0) -> 35 | S23: =AND(P23=Q23, Q23=R23) -> TRUE | T23: =IFERROR(VLOOKUP($B23, aegis!$V:$W, 2, FALSE), 0) -> 55 | U23: =IFERROR(VLOOKUP($B23, duel!$V:$W, 2, FALSE), 0) -> 55 | V23: =IFERROR(VLOOKUP($B23, blitz!$V:$W, 2, FALSE), 0) -> 55 | W23: =AND(T23=U23, U23=V23) -> TRUE | X23: =IFERROR(VLOOKUP($B23, aegis!$AA:$AB, 2, FALSE), 0) -> 2 | Y23: =IFERROR(VLOOKUP($B23, duel!$AA:$AB, 2, FALSE), 0) -> 4 | Z23: =IFERROR(VLOOKUP($B23, blitz!$AA:$AB, 2, FALSE), 0) -> 2 | AA23: =AND(X23=Y23, Y23=Z23) -> FALSE | AB23: =IFERROR(VLOOKUP($B23, aegis!$AF:$AG, 2, FALSE), 0) -> 29 | AC23: =IFERROR(VLOOKUP($B23, duel!$AF:$AG, 2, FALSE), 0) -> 29 | AD23: =IFERROR(VLOOKUP($B23, blitz!$AF:$AG, 2, FALSE), 0) -> 29 | AE23: =AND(AB23=AC23, AC23=AD23) -> TRUE | AF23: =IFERROR(VLOOKUP($B23, aegis!$AK:$AL, 2, FALSE), 0) -> 3 | AG23: =IFERROR(VLOOKUP($B23, duel!$AK:$AL, 2, FALSE), 0) -> 1 | AH23: =IFERROR(VLOOKUP($B23, blitz!$AK:$AL, 2, FALSE), 0) -> 1 | AI23: =AND(AF23=AG23, AG23=AH23) -> FALSE | AJ23: =IFERROR(VLOOKUP($B23, aegis!$AP:$AQ, 2, FALSE), 0) -> 2 | AK23: =IFERROR(VLOOKUP($B23, duel!$AP:$AQ, 2, FALSE), 0) -> 2 | AL23: =IFERROR(VLOOKUP($B23, blitz!$AP:$AQ, 2, FALSE), 0) -> 2 | AM23: =AND(AJ23=AK23, AK23=AL23) -> TRUE | AN23: =IFERROR(VLOOKUP($B23, aegis!$AU:$AV, 2, FALSE), 0) -> 0 | AO23: =IFERROR(VLOOKUP($B23, duel!$AU:$AV, 2, FALSE), 0) -> 0 | AP23: =IFERROR(VLOOKUP($B23, blitz!$AU:$AV, 2, FALSE), 0) -> 0 | AQ23: =AND(AN23=AO23, AO23=AP23) -> TRUE | AR23: =IFERROR(VLOOKUP($B23, aegis!$AZ:$BA, 2, FALSE), 0) -> 2 | AS23: =IFERROR(VLOOKUP($B23, duel!$AZ:$BA, 2, FALSE), 0) -> 2 | AT23: =IFERROR(VLOOKUP($B23, blitz!$AZ:$BA, 2, FALSE), 0) -> 2 | AU23: =AND(AR23=AS23, AS23=AT23) -> TRUE | AV23: =IFERROR(VLOOKUP($B23, aegis!$BE:$BF, 2, FALSE), 0) -> 2 | AW23: =IFERROR(VLOOKUP($B23, duel!$BE:$BF, 2, FALSE), 0) -> 2 | AX23: =IFERROR(VLOOKUP($B23, blitz!$BE:$BF, 2, FALSE), 0) -> 2 | AY23: =AND(AV23=AW23, AW23=AX23) -> TRUE | AZ23: =IFERROR(VLOOKUP($B23, aegis!$BJ:$BK, 2, FALSE), 0) -> 1 | BA23: =IFERROR(VLOOKUP($B23, duel!$BJ:$BK, 2, FALSE), 0) -> 1 | BB23: =IFERROR(VLOOKUP($B23, blitz!$BJ:$BK, 2, FALSE), 0) -> 1 | BC23: =AND(AZ23=BA23, BA23=BB23) -> TRUE | BD23: =IFERROR(VLOOKUP($B23, aegis!$BO:$BP, 2, FALSE), 0) -> 0 | BE23: =IFERROR(VLOOKUP($B23, duel!$BO:$BP, 2, FALSE), 0) -> 0 | BF23: =IFERROR(VLOOKUP($B23, blitz!$BO:$BP, 2, FALSE), 0) -> 0 | BG23: =AND(BD23=BE23, BE23=BF23) -> TRUE | BH23: =IFERROR(VLOOKUP($B23, aegis!$BT:$BU, 2, FALSE), 0) -> 13 | BI23: =IFERROR(VLOOKUP($B23, duel!$BT:$BU, 2, FALSE), 0) -> 13 | BJ23: =IFERROR(VLOOKUP($B23, blitz!$BT:$BU, 2, FALSE), 0) -> 13 | BK23: =AND(BH23=BI23, BI23=BJ23) -> TRUE | BL23: =IFERROR(VLOOKUP($B23, aegis!$BY:$BZ, 2, FALSE), 0) -> 0 | BM23: =IFERROR(VLOOKUP($B23, duel!$BY:$BZ, 2, FALSE), 0) -> 0 | BN23: =IFERROR(VLOOKUP($B23, blitz!$BY:$BZ, 2, FALSE), 0) -> 0 | BO23: =AND(BL23=BM23, BM23=BN23) -> TRUE | BP23: =IFERROR(VLOOKUP($B23, aegis!$CD:$CE, 2, FALSE), 0) -> 4 | BQ23: =IFERROR(VLOOKUP($B23, duel!$CD:$CE, 2, FALSE), 0) -> 4 | BR23: =IFERROR(VLOOKUP($B23, blitz!$CD:$CE, 2, FALSE), 0) -> 4 | BS23: =AND(BP23=BQ23, BQ23=BR23) -> TRUE | BT23: =IFERROR(VLOOKUP($B23, aegis!$CI:$CJ, 2, FALSE), 0) -> 0 | BU23: =IFERROR(VLOOKUP($B23, duel!$CI:$CJ, 2, FALSE), 0) -> 0 | BV23: =IFERROR(VLOOKUP($B23, blitz!$CI:$CJ, 2, FALSE), 0) -> 0 | BW23: =AND(BT23=BU23, BU23=BV23) -> TRUE | BX23: =IFERROR(VLOOKUP($B23, aegis!$CN:$CO, 2, FALSE), 0) -> 0 | BY23: =IFERROR(VLOOKUP($B23, duel!$CN:$CO, 2, FALSE), 0) -> 0 | BZ23: =IFERROR(VLOOKUP($B23, blitz!$CN:$CO, 2, FALSE), 0) -> 0 | CA23: =AND(BX23=BY23, BY23=BZ23) -> TRUE | CB23: =IFERROR(VLOOKUP($B23, aegis!$CS:$CT, 2, FALSE), 0) -> 0 | CC23: =IFERROR(VLOOKUP($B23, duel!$CS:$CT, 2, FALSE), 0) -> 0 | CD23: =IFERROR(VLOOKUP($B23, blitz!$CS:$CT, 2, FALSE), 0) -> 0 | CE23: =AND(CB23=CC23, CC23=CD23) -> TRUE | CF23: =IFERROR(VLOOKUP($B23, aegis!$CX:$CY, 2, FALSE), 0) -> 0 | CG23: =IFERROR(VLOOKUP($B23, duel!$CX:$CY, 2, FALSE), 0) -> 0 | CH23: =IFERROR(VLOOKUP($B23, blitz!$CX:$CY, 2, FALSE), 0) -> 0 | CI23: =AND(CF23=CG23, CG23=CH23) -> TRUE | CJ23: =IFERROR(VLOOKUP($B23, aegis!$DC:$DD, 2, FALSE), 0) -> 1 | CK23: =IFERROR(VLOOKUP($B23, duel!$DC:$DD, 2, FALSE), 0) -> 1 | CL23: =IFERROR(VLOOKUP($B23, blitz!$DC:$DD, 2, FALSE), 0) -> 1 | CM23: =AND(CJ23=CK23, CK23=CL23) -> TRUE | CN23: =IFERROR(VLOOKUP($B23, aegis!$DH:$DI, 2, FALSE), 0) -> 3 | CO23: =IFERROR(VLOOKUP($B23, duel!$DH:$DI, 2, FALSE), 0) -> 3 | CP23: =IFERROR(VLOOKUP($B23, blitz!$DH:$DI, 2, FALSE), 0) -> 0 | CQ23: =AND(CN23=CO23) -> TRUE | CR23: =IFERROR(VLOOKUP($B23, aegis!$DM:$DN, 2, FALSE), 0) -> 2 | CS23: =IFERROR(VLOOKUP($B23, duel!$DM:$DN, 2, FALSE), 0) -> 2 | CT23: =IFERROR(VLOOKUP($B23, blitz!$DM:$DN, 2, FALSE), 0) -> 2 | CU23: =AND(CR23=CS23, CS23=CT23) -> TRUE | CV23: =IFERROR(VLOOKUP($B23, aegis!$DR:$DS, 2, FALSE), 0) -> 27 | CW23: =IFERROR(VLOOKUP($B23, duel!$DR:$DS, 2, FALSE), 0) -> 27 | CX23: =IFERROR(VLOOKUP($B23, blitz!$DR:$DS, 2, FALSE), 0) -> 27 | CY23: =AND(CV23=CW23, CW23=CX23) -> TRUE
B24: 02000017 | C24: =AND(G24,K24,O24,S24,W24,AA24,AE24,AI24,AM24,AQ24,AU24,AY24,BC24,BG24,BK24,BO24,BS24,BW24,CA24,CE24,CI24,CM24,CQ24,CU24,CY24) -> FALSE | D24: =IFERROR(VLOOKUP($B24, aegis!$B:$C, 2, FALSE), 0) -> 24 | E24: =IFERROR(VLOOKUP($B24, duel!$B:$C, 2, FALSE), 0) -> 24 | F24: =IFERROR(VLOOKUP($B24, blitz!$B:$C, 2, FALSE), 0) -> 24 | G24: =AND(D24=E24, E24=F24) -> TRUE | H24: =IFERROR(VLOOKUP($B24, aegis!$G:$H, 2, FALSE), 0) -> 14 | I24: =IFERROR(VLOOKUP($B24, duel!$G:$H, 2, FALSE), 0) -> 14 | J24: =IFERROR(VLOOKUP($B24, blitz!$G:$H, 2, FALSE), 0) -> 14 | K24: =AND(H24=I24, I24=J24) -> TRUE | L24: =IFERROR(VLOOKUP($B24, aegis!$L:$M, 2, FALSE), 0) -> 24 | M24: =IFERROR(VLOOKUP($B24, duel!$L:$M, 2, FALSE), 0) -> 24 | N24: =IFERROR(VLOOKUP($B24, blitz!$L:$M, 2, FALSE), 0) -> 24 | O24: =AND(L24=M24, M24=N24) -> TRUE | P24: =IFERROR(VLOOKUP($B24, aegis!$Q:$R, 2, FALSE), 0) -> 14 | Q24: =IFERROR(VLOOKUP($B24, duel!$Q:$R, 2, FALSE), 0) -> 14 | R24: =IFERROR(VLOOKUP($B24, blitz!$Q:$R, 2, FALSE), 0) -> 14 | S24: =AND(P24=Q24, Q24=R24) -> TRUE | T24: =IFERROR(VLOOKUP($B24, aegis!$V:$W, 2, FALSE), 0) -> 26 | U24: =IFERROR(VLOOKUP($B24, duel!$V:$W, 2, FALSE), 0) -> 26 | V24: =IFERROR(VLOOKUP($B24, blitz!$V:$W, 2, FALSE), 0) -> 26 | W24: =AND(T24=U24, U24=V24) -> TRUE | X24: =IFERROR(VLOOKUP($B24, aegis!$AA:$AB, 2, FALSE), 0) -> 2 | Y24: =IFERROR(VLOOKUP($B24, duel!$AA:$AB, 2, FALSE), 0) -> 4 | Z24: =IFERROR(VLOOKUP($B24, blitz!$AA:$AB, 2, FALSE), 0) -> 2 | AA24: =AND(X24=Y24, Y24=Z24) -> FALSE | AB24: =IFERROR(VLOOKUP($B24, aegis!$AF:$AG, 2, FALSE), 0) -> 26 | AC24: =IFERROR(VLOOKUP($B24, duel!$AF:$AG, 2, FALSE), 0) -> 26 | AD24: =IFERROR(VLOOKUP($B24, blitz!$AF:$AG, 2, FALSE), 0) -> 26 | AE24: =AND(AB24=AC24, AC24=AD24) -> TRUE | AF24: =IFERROR(VLOOKUP($B24, aegis!$AK:$AL, 2, FALSE), 0) -> 3 | AG24: =IFERROR(VLOOKUP($B24, duel!$AK:$AL, 2, FALSE), 0) -> 1 | AH24: =IFERROR(VLOOKUP($B24, blitz!$AK:$AL, 2, FALSE), 0) -> 1 | AI24: =AND(AF24=AG24, AG24=AH24) -> FALSE | AJ24: =IFERROR(VLOOKUP($B24, aegis!$AP:$AQ, 2, FALSE), 0) -> 2 | AK24: =IFERROR(VLOOKUP($B24, duel!$AP:$AQ, 2, FALSE), 0) -> 2 | AL24: =IFERROR(VLOOKUP($B24, blitz!$AP:$AQ, 2, FALSE), 0) -> 2 | AM24: =AND(AJ24=AK24, AK24=AL24) -> TRUE | AN24: =IFERROR(VLOOKUP($B24, aegis!$AU:$AV, 2, FALSE), 0) -> 0 | AO24: =IFERROR(VLOOKUP($B24, duel!$AU:$AV, 2, FALSE), 0) -> 0 | AP24: =IFERROR(VLOOKUP($B24, blitz!$AU:$AV, 2, FALSE), 0) -> 0 | AQ24: =AND(AN24=AO24, AO24=AP24) -> TRUE | AR24: =IFERROR(VLOOKUP($B24, aegis!$AZ:$BA, 2, FALSE), 0) -> 2 | AS24: =IFERROR(VLOOKUP($B24, duel!$AZ:$BA, 2, FALSE), 0) -> 2 | AT24: =IFERROR(VLOOKUP($B24, blitz!$AZ:$BA, 2, FALSE), 0) -> 2 | AU24: =AND(AR24=AS24, AS24=AT24) -> TRUE | AV24: =IFERROR(VLOOKUP($B24, aegis!$BE:$BF, 2, FALSE), 0) -> 2 | AW24: =IFERROR(VLOOKUP($B24, duel!$BE:$BF, 2, FALSE), 0) -> 2 | AX24: =IFERROR(VLOOKUP($B24, blitz!$BE:$BF, 2, FALSE), 0) -> 2 | AY24: =AND(AV24=AW24, AW24=AX24) -> TRUE | AZ24: =IFERROR(VLOOKUP($B24, aegis!$BJ:$BK, 2, FALSE), 0) -> 1 | BA24: =IFERROR(VLOOKUP($B24, duel!$BJ:$BK, 2, FALSE), 0) -> 1 | BB24: =IFERROR(VLOOKUP($B24, blitz!$BJ:$BK, 2, FALSE), 0) -> 1 | BC24: =AND(AZ24=BA24, BA24=BB24) -> TRUE | BD24: =IFERROR(VLOOKUP($B24, aegis!$BO:$BP, 2, FALSE), 0) -> 0 | BE24: =IFERROR(VLOOKUP($B24, duel!$BO:$BP, 2, FALSE), 0) -> 0 | BF24: =IFERROR(VLOOKUP($B24, blitz!$BO:$BP, 2, FALSE), 0) -> 0 | BG24: =AND(BD24=BE24, BE24=BF24) -> TRUE | BH24: =IFERROR(VLOOKUP($B24, aegis!$BT:$BU, 2, FALSE), 0) -> 18 | BI24: =IFERROR(VLOOKUP($B24, duel!$BT:$BU, 2, FALSE), 0) -> 18 | BJ24: =IFERROR(VLOOKUP($B24, blitz!$BT:$BU, 2, FALSE), 0) -> 18 | BK24: =AND(BH24=BI24, BI24=BJ24) -> TRUE | BL24: =IFERROR(VLOOKUP($B24, aegis!$BY:$BZ, 2, FALSE), 0) -> 0 | BM24: =IFERROR(VLOOKUP($B24, duel!$BY:$BZ, 2, FALSE), 0) -> 0 | BN24: =IFERROR(VLOOKUP($B24, blitz!$BY:$BZ, 2, FALSE), 0) -> 0 | BO24: =AND(BL24=BM24, BM24=BN24) -> TRUE | BP24: =IFERROR(VLOOKUP($B24, aegis!$CD:$CE, 2, FALSE), 0) -> 5 | BQ24: =IFERROR(VLOOKUP($B24, duel!$CD:$CE, 2, FALSE), 0) -> 5 | BR24: =IFERROR(VLOOKUP($B24, blitz!$CD:$CE, 2, FALSE), 0) -> 5 | BS24: =AND(BP24=BQ24, BQ24=BR24) -> TRUE | BT24: =IFERROR(VLOOKUP($B24, aegis!$CI:$CJ, 2, FALSE), 0) -> 0 | BU24: =IFERROR(VLOOKUP($B24, duel!$CI:$CJ, 2, FALSE), 0) -> 0 | BV24: =IFERROR(VLOOKUP($B24, blitz!$CI:$CJ, 2, FALSE), 0) -> 0 | BW24: =AND(BT24=BU24, BU24=BV24) -> TRUE | BX24: =IFERROR(VLOOKUP($B24, aegis!$CN:$CO, 2, FALSE), 0) -> 0 | BY24: =IFERROR(VLOOKUP($B24, duel!$CN:$CO, 2, FALSE), 0) -> 0 | BZ24: =IFERROR(VLOOKUP($B24, blitz!$CN:$CO, 2, FALSE), 0) -> 0 | CA24: =AND(BX24=BY24, BY24=BZ24) -> TRUE | CB24: =IFERROR(VLOOKUP($B24, aegis!$CS:$CT, 2, FALSE), 0) -> 0 | CC24: =IFERROR(VLOOKUP($B24, duel!$CS:$CT, 2, FALSE), 0) -> 0 | CD24: =IFERROR(VLOOKUP($B24, blitz!$CS:$CT, 2, FALSE), 0) -> 0 | CE24: =AND(CB24=CC24, CC24=CD24) -> TRUE | CF24: =IFERROR(VLOOKUP($B24, aegis!$CX:$CY, 2, FALSE), 0) -> 0 | CG24: =IFERROR(VLOOKUP($B24, duel!$CX:$CY, 2, FALSE), 0) -> 0 | CH24: =IFERROR(VLOOKUP($B24, blitz!$CX:$CY, 2, FALSE), 0) -> 0 | CI24: =AND(CF24=CG24, CG24=CH24) -> TRUE | CJ24: =IFERROR(VLOOKUP($B24, aegis!$DC:$DD, 2, FALSE), 0) -> 1 | CK24: =IFERROR(VLOOKUP($B24, duel!$DC:$DD, 2, FALSE), 0) -> 1 | CL24: =IFERROR(VLOOKUP($B24, blitz!$DC:$DD, 2, FALSE), 0) -> 1 | CM24: =AND(CJ24=CK24, CK24=CL24) -> TRUE | CN24: =IFERROR(VLOOKUP($B24, aegis!$DH:$DI, 2, FALSE), 0) -> 2 | CO24: =IFERROR(VLOOKUP($B24, duel!$DH:$DI, 2, FALSE), 0) -> 2 | CP24: =IFERROR(VLOOKUP($B24, blitz!$DH:$DI, 2, FALSE), 0) -> 0 | CQ24: =AND(CN24=CO24) -> TRUE | CR24: =IFERROR(VLOOKUP($B24, aegis!$DM:$DN, 2, FALSE), 0) -> 1 | CS24: =IFERROR(VLOOKUP($B24, duel!$DM:$DN, 2, FALSE), 0) -> 1 | CT24: =IFERROR(VLOOKUP($B24, blitz!$DM:$DN, 2, FALSE), 0) -> 1 | CU24: =AND(CR24=CS24, CS24=CT24) -> TRUE | CV24: =IFERROR(VLOOKUP($B24, aegis!$DR:$DS, 2, FALSE), 0) -> 26 | CW24: =IFERROR(VLOOKUP($B24, duel!$DR:$DS, 2, FALSE), 0) -> 26 | CX24: =IFERROR(VLOOKUP($B24, blitz!$DR:$DS, 2, FALSE), 0) -> 26 | CY24: =AND(CV24=CW24, CW24=CX24) -> TRUE
A25: ○ | B25: 02000018 | C25: =AND(G25,K25,O25,S25,W25,AA25,AE25,AI25,AM25,AQ25,AU25,AY25,BC25,BG25,BK25,BO25,BS25,BW25,CA25,CE25,CI25,CM25,CQ25,CU25,CY25) -> FALSE | D25: =IFERROR(VLOOKUP($B25, aegis!$B:$C, 2, FALSE), 0) -> 60 | E25: =IFERROR(VLOOKUP($B25, duel!$B:$C, 2, FALSE), 0) -> 60 | F25: =IFERROR(VLOOKUP($B25, blitz!$B:$C, 2, FALSE), 0) -> 60 | G25: =AND(D25=E25, E25=F25) -> TRUE | H25: =IFERROR(VLOOKUP($B25, aegis!$G:$H, 2, FALSE), 0) -> 35 | I25: =IFERROR(VLOOKUP($B25, duel!$G:$H, 2, FALSE), 0) -> 35 | J25: =IFERROR(VLOOKUP($B25, blitz!$G:$H, 2, FALSE), 0) -> 35 | K25: =AND(H25=I25, I25=J25) -> TRUE | L25: =IFERROR(VLOOKUP($B25, aegis!$L:$M, 2, FALSE), 0) -> 60 | M25: =IFERROR(VLOOKUP($B25, duel!$L:$M, 2, FALSE), 0) -> 60 | N25: =IFERROR(VLOOKUP($B25, blitz!$L:$M, 2, FALSE), 0) -> 60 | O25: =AND(L25=M25, M25=N25) -> TRUE | P25: =IFERROR(VLOOKUP($B25, aegis!$Q:$R, 2, FALSE), 0) -> 35 | Q25: =IFERROR(VLOOKUP($B25, duel!$Q:$R, 2, FALSE), 0) -> 35 | R25: =IFERROR(VLOOKUP($B25, blitz!$Q:$R, 2, FALSE), 0) -> 35 | S25: =AND(P25=Q25, Q25=R25) -> TRUE | T25: =IFERROR(VLOOKUP($B25, aegis!$V:$W, 2, FALSE), 0) -> 572 | U25: =IFERROR(VLOOKUP($B25, duel!$V:$W, 2, FALSE), 0) -> 572 | V25: =IFERROR(VLOOKUP($B25, blitz!$V:$W, 2, FALSE), 0) -> 572 | W25: =AND(T25=U25, U25=V25) -> TRUE | X25: =IFERROR(VLOOKUP($B25, aegis!$AA:$AB, 2, FALSE), 0) -> 3 | Y25: =IFERROR(VLOOKUP($B25, duel!$AA:$AB, 2, FALSE), 0) -> 6 | Z25: =IFERROR(VLOOKUP($B25, blitz!$AA:$AB, 2, FALSE), 0) -> 3 | AA25: =AND(X25=Y25, Y25=Z25) -> FALSE | AB25: =IFERROR(VLOOKUP($B25, aegis!$AF:$AG, 2, FALSE), 0) -> 231 | AC25: =IFERROR(VLOOKUP($B25, duel!$AF:$AG, 2, FALSE), 0) -> 231 | AD25: =IFERROR(VLOOKUP($B25, blitz!$AF:$AG, 2, FALSE), 0) -> 231 | AE25: =AND(AB25=AC25, AC25=AD25) -> TRUE | AF25: =IFERROR(VLOOKUP($B25, aegis!$AK:$AL, 2, FALSE), 0) -> 4 | AG25: =IFERROR(VLOOKUP($B25, duel!$AK:$AL, 2, FALSE), 0) -> 1 | AH25: =IFERROR(VLOOKUP($B25, blitz!$AK:$AL, 2, FALSE), 0) -> 1 | AI25: =AND(AF25=AG25, AG25=AH25) -> FALSE | AJ25: =IFERROR(VLOOKUP($B25, aegis!$AP:$AQ, 2, FALSE), 0) -> 3 | AK25: =IFERROR(VLOOKUP($B25, duel!$AP:$AQ, 2, FALSE), 0) -> 3 | AL25: =IFERROR(VLOOKUP($B25, blitz!$AP:$AQ, 2, FALSE), 0) -> 3 | AM25: =AND(AJ25=AK25, AK25=AL25) -> TRUE | AN25: =IFERROR(VLOOKUP($B25, aegis!$AU:$AV, 2, FALSE), 0) -> 0 | AO25: =IFERROR(VLOOKUP($B25, duel!$AU:$AV, 2, FALSE), 0) -> 0 | AP25: =IFERROR(VLOOKUP($B25, blitz!$AU:$AV, 2, FALSE), 0) -> 0 | AQ25: =AND(AN25=AO25, AO25=AP25) -> TRUE | AR25: =IFERROR(VLOOKUP($B25, aegis!$AZ:$BA, 2, FALSE), 0) -> 3 | AS25: =IFERROR(VLOOKUP($B25, duel!$AZ:$BA, 2, FALSE), 0) -> 3 | AT25: =IFERROR(VLOOKUP($B25, blitz!$AZ:$BA, 2, FALSE), 0) -> 3 | AU25: =AND(AR25=AS25, AS25=AT25) -> TRUE | AV25: =IFERROR(VLOOKUP($B25, aegis!$BE:$BF, 2, FALSE), 0) -> 3 | AW25: =IFERROR(VLOOKUP($B25, duel!$BE:$BF, 2, FALSE), 0) -> 3 | AX25: =IFERROR(VLOOKUP($B25, blitz!$BE:$BF, 2, FALSE), 0) -> 3 | AY25: =AND(AV25=AW25, AW25=AX25) -> TRUE | AZ25: =IFERROR(VLOOKUP($B25, aegis!$BJ:$BK, 2, FALSE), 0) -> 1 | BA25: =IFERROR(VLOOKUP($B25, duel!$BJ:$BK, 2, FALSE), 0) -> 1 | BB25: =IFERROR(VLOOKUP($B25, blitz!$BJ:$BK, 2, FALSE), 0) -> 1 | BC25: =AND(AZ25=BA25, BA25=BB25) -> TRUE | BD25: =IFERROR(VLOOKUP($B25, aegis!$BO:$BP, 2, FALSE), 0) -> 0 | BE25: =IFERROR(VLOOKUP($B25, duel!$BO:$BP, 2, FALSE), 0) -> 0 | BF25: =IFERROR(VLOOKUP($B25, blitz!$BO:$BP, 2, FALSE), 0) -> 0 | BG25: =AND(BD25=BE25, BE25=BF25) -> TRUE | BH25: =IFERROR(VLOOKUP($B25, aegis!$BT:$BU, 2, FALSE), 0) -> 165 | BI25: =IFERROR(VLOOKUP($B25, duel!$BT:$BU, 2, FALSE), 0) -> 165 | BJ25: =IFERROR(VLOOKUP($B25, blitz!$BT:$BU, 2, FALSE), 0) -> 165 | BK25: =AND(BH25=BI25, BI25=BJ25) -> TRUE | BL25: =IFERROR(VLOOKUP($B25, aegis!$BY:$BZ, 2, FALSE), 0) -> 2 | BM25: =IFERROR(VLOOKUP($B25, duel!$BY:$BZ, 2, FALSE), 0) -> 2 | BN25: =IFERROR(VLOOKUP($B25, blitz!$BY:$BZ, 2, FALSE), 0) -> 2 | BO25: =AND(BL25=BM25, BM25=BN25) -> TRUE | BP25: =IFERROR(VLOOKUP($B25, aegis!$CD:$CE, 2, FALSE), 0) -> 7 | BQ25: =IFERROR(VLOOKUP($B25, duel!$CD:$CE, 2, FALSE), 0) -> 7 | BR25: =IFERROR(VLOOKUP($B25, blitz!$CD:$CE, 2, FALSE), 0) -> 7 | BS25: =AND(BP25=BQ25, BQ25=BR25) -> TRUE | BT25: =IFERROR(VLOOKUP($B25, aegis!$CI:$CJ, 2, FALSE), 0) -> 0 | BU25: =IFERROR(VLOOKUP($B25, duel!$CI:$CJ, 2, FALSE), 0) -> 0 | BV25: =IFERROR(VLOOKUP($B25, blitz!$CI:$CJ, 2, FALSE), 0) -> 0 | BW25: =AND(BT25=BU25, BU25=BV25) -> TRUE | BX25: =IFERROR(VLOOKUP($B25, aegis!$CN:$CO, 2, FALSE), 0) -> 0 | BY25: =IFERROR(VLOOKUP($B25, duel!$CN:$CO, 2, FALSE), 0) -> 0 | BZ25: =IFERROR(VLOOKUP($B25, blitz!$CN:$CO, 2, FALSE), 0) -> 0 | CA25: =AND(BX25=BY25, BY25=BZ25) -> TRUE | CB25: =IFERROR(VLOOKUP($B25, aegis!$CS:$CT, 2, FALSE), 0) -> 0 | CC25: =IFERROR(VLOOKUP($B25, duel!$CS:$CT, 2, FALSE), 0) -> 0 | CD25: =IFERROR(VLOOKUP($B25, blitz!$CS:$CT, 2, FALSE), 0) -> 0 | CE25: =AND(CB25=CC25, CC25=CD25) -> TRUE | CF25: =IFERROR(VLOOKUP($B25, aegis!$CX:$CY, 2, FALSE), 0) -> 54878 | CG25: =IFERROR(VLOOKUP($B25, duel!$CX:$CY, 2, FALSE), 0) -> 54864 | CH25: =IFERROR(VLOOKUP($B25, blitz!$CX:$CY, 2, FALSE), 0) -> 19208 | CI25: =AND(CF25=CG25, CG25=CH25) -> FALSE | CJ25: =IFERROR(VLOOKUP($B25, aegis!$DC:$DD, 2, FALSE), 0) -> 1 | CK25: =IFERROR(VLOOKUP($B25, duel!$DC:$DD, 2, FALSE), 0) -> 1 | CL25: =IFERROR(VLOOKUP($B25, blitz!$DC:$DD, 2, FALSE), 0) -> 1 | CM25: =AND(CJ25=CK25, CK25=CL25) -> TRUE | CN25: =IFERROR(VLOOKUP($B25, aegis!$DH:$DI, 2, FALSE), 0) -> 3 | CO25: =IFERROR(VLOOKUP($B25, duel!$DH:$DI, 2, FALSE), 0) -> 3 | CP25: =IFERROR(VLOOKUP($B25, blitz!$DH:$DI, 2, FALSE), 0) -> 0 | CQ25: =AND(CN25=CO25) -> TRUE | CR25: =IFERROR(VLOOKUP($B25, aegis!$DM:$DN, 2, FALSE), 0) -> 2 | CS25: =IFERROR(VLOOKUP($B25, duel!$DM:$DN, 2, FALSE), 0) -> 2 | CT25: =IFERROR(VLOOKUP($B25, blitz!$DM:$DN, 2, FALSE), 0) -> 2 | CU25: =AND(CR25=CS25, CS25=CT25) -> TRUE | CV25: =IFERROR(VLOOKUP($B25, aegis!$DR:$DS, 2, FALSE), 0) -> 231 | CW25: =IFERROR(VLOOKUP($B25, duel!$DR:$DS, 2, FALSE), 0) -> 231 | CX25: =IFERROR(VLOOKUP($B25, blitz!$DR:$DS, 2, FALSE), 0) -> 231 | CY25: =AND(CV25=CW25, CW25=CX25) -> TRUE
A26: ○ | B26: 02000019 | C26: =AND(G26,K26,O26,S26,W26,AA26,AE26,AI26,AM26,AQ26,AU26,AY26,BC26,BG26,BK26,BO26,BS26,BW26,CA26,CE26,CI26,CM26,CQ26,CU26,CY26) -> FALSE | D26: =IFERROR(VLOOKUP($B26, aegis!$B:$C, 2, FALSE), 0) -> 48 | E26: =IFERROR(VLOOKUP($B26, duel!$B:$C, 2, FALSE), 0) -> 48 | F26: =IFERROR(VLOOKUP($B26, blitz!$B:$C, 2, FALSE), 0) -> 48 | G26: =AND(D26=E26, E26=F26) -> TRUE | H26: =IFERROR(VLOOKUP($B26, aegis!$G:$H, 2, FALSE), 0) -> 28 | I26: =IFERROR(VLOOKUP($B26, duel!$G:$H, 2, FALSE), 0) -> 28 | J26: =IFERROR(VLOOKUP($B26, blitz!$G:$H, 2, FALSE), 0) -> 28 | K26: =AND(H26=I26, I26=J26) -> TRUE | L26: =IFERROR(VLOOKUP($B26, aegis!$L:$M, 2, FALSE), 0) -> 48 | M26: =IFERROR(VLOOKUP($B26, duel!$L:$M, 2, FALSE), 0) -> 48 | N26: =IFERROR(VLOOKUP($B26, blitz!$L:$M, 2, FALSE), 0) -> 48 | O26: =AND(L26=M26, M26=N26) -> TRUE | P26: =IFERROR(VLOOKUP($B26, aegis!$Q:$R, 2, FALSE), 0) -> 28 | Q26: =IFERROR(VLOOKUP($B26, duel!$Q:$R, 2, FALSE), 0) -> 28 | R26: =IFERROR(VLOOKUP($B26, blitz!$Q:$R, 2, FALSE), 0) -> 28 | S26: =AND(P26=Q26, Q26=R26) -> TRUE | T26: =IFERROR(VLOOKUP($B26, aegis!$V:$W, 2, FALSE), 0) -> 306 | U26: =IFERROR(VLOOKUP($B26, duel!$V:$W, 2, FALSE), 0) -> 306 | V26: =IFERROR(VLOOKUP($B26, blitz!$V:$W, 2, FALSE), 0) -> 306 | W26: =AND(T26=U26, U26=V26) -> TRUE | X26: =IFERROR(VLOOKUP($B26, aegis!$AA:$AB, 2, FALSE), 0) -> 2 | Y26: =IFERROR(VLOOKUP($B26, duel!$AA:$AB, 2, FALSE), 0) -> 4 | Z26: =IFERROR(VLOOKUP($B26, blitz!$AA:$AB, 2, FALSE), 0) -> 2 | AA26: =AND(X26=Y26, Y26=Z26) -> FALSE | AB26: =IFERROR(VLOOKUP($B26, aegis!$AF:$AG, 2, FALSE), 0) -> 109 | AC26: =IFERROR(VLOOKUP($B26, duel!$AF:$AG, 2, FALSE), 0) -> 109 | AD26: =IFERROR(VLOOKUP($B26, blitz!$AF:$AG, 2, FALSE), 0) -> 109 | AE26: =AND(AB26=AC26, AC26=AD26) -> TRUE | AF26: =IFERROR(VLOOKUP($B26, aegis!$AK:$AL, 2, FALSE), 0) -> 3 | AG26: =IFERROR(VLOOKUP($B26, duel!$AK:$AL, 2, FALSE), 0) -> 1 | AH26: =IFERROR(VLOOKUP($B26, blitz!$AK:$AL, 2, FALSE), 0) -> 1 | AI26: =AND(AF26=AG26, AG26=AH26) -> FALSE | AJ26: =IFERROR(VLOOKUP($B26, aegis!$AP:$AQ, 2, FALSE), 0) -> 2 | AK26: =IFERROR(VLOOKUP($B26, duel!$AP:$AQ, 2, FALSE), 0) -> 2 | AL26: =IFERROR(VLOOKUP($B26, blitz!$AP:$AQ, 2, FALSE), 0) -> 2 | AM26: =AND(AJ26=AK26, AK26=AL26) -> TRUE | AN26: =IFERROR(VLOOKUP($B26, aegis!$AU:$AV, 2, FALSE), 0) -> 0 | AO26: =IFERROR(VLOOKUP($B26, duel!$AU:$AV, 2, FALSE), 0) -> 0 | AP26: =IFERROR(VLOOKUP($B26, blitz!$AU:$AV, 2, FALSE), 0) -> 0 | AQ26: =AND(AN26=AO26, AO26=AP26) -> TRUE | AR26: =IFERROR(VLOOKUP($B26, aegis!$AZ:$BA, 2, FALSE), 0) -> 2 | AS26: =IFERROR(VLOOKUP($B26, duel!$AZ:$BA, 2, FALSE), 0) -> 2 | AT26: =IFERROR(VLOOKUP($B26, blitz!$AZ:$BA, 2, FALSE), 0) -> 2 | AU26: =AND(AR26=AS26, AS26=AT26) -> TRUE | AV26: =IFERROR(VLOOKUP($B26, aegis!$BE:$BF, 2, FALSE), 0) -> 2 | AW26: =IFERROR(VLOOKUP($B26, duel!$BE:$BF, 2, FALSE), 0) -> 2 | AX26: =IFERROR(VLOOKUP($B26, blitz!$BE:$BF, 2, FALSE), 0) -> 2 | AY26: =AND(AV26=AW26, AW26=AX26) -> TRUE | AZ26: =IFERROR(VLOOKUP($B26, aegis!$BJ:$BK, 2, FALSE), 0) -> 1 | BA26: =IFERROR(VLOOKUP($B26, duel!$BJ:$BK, 2, FALSE), 0) -> 1 | BB26: =IFERROR(VLOOKUP($B26, blitz!$BJ:$BK, 2, FALSE), 0) -> 1 | BC26: =AND(AZ26=BA26, BA26=BB26) -> TRUE | BD26: =IFERROR(VLOOKUP($B26, aegis!$BO:$BP, 2, FALSE), 0) -> 0 | BE26: =IFERROR(VLOOKUP($B26, duel!$BO:$BP, 2, FALSE), 0) -> 0 | BF26: =IFERROR(VLOOKUP($B26, blitz!$BO:$BP, 2, FALSE), 0) -> 0 | BG26: =AND(BD26=BE26, BE26=BF26) -> TRUE | BH26: =IFERROR(VLOOKUP($B26, aegis!$BT:$BU, 2, FALSE), 0) -> 47 | BI26: =IFERROR(VLOOKUP($B26, duel!$BT:$BU, 2, FALSE), 0) -> 47 | BJ26: =IFERROR(VLOOKUP($B26, blitz!$BT:$BU, 2, FALSE), 0) -> 47 | BK26: =AND(BH26=BI26, BI26=BJ26) -> TRUE | BL26: =IFERROR(VLOOKUP($B26, aegis!$BY:$BZ, 2, FALSE), 0) -> 1 | BM26: =IFERROR(VLOOKUP($B26, duel!$BY:$BZ, 2, FALSE), 0) -> 1 | BN26: =IFERROR(VLOOKUP($B26, blitz!$BY:$BZ, 2, FALSE), 0) -> 1 | BO26: =AND(BL26=BM26, BM26=BN26) -> TRUE | BP26: =IFERROR(VLOOKUP($B26, aegis!$CD:$CE, 2, FALSE), 0) -> 7 | BQ26: =IFERROR(VLOOKUP($B26, duel!$CD:$CE, 2, FALSE), 0) -> 7 | BR26: =IFERROR(VLOOKUP($B26, blitz!$CD:$CE, 2, FALSE), 0) -> 7 | BS26: =AND(BP26=BQ26, BQ26=BR26) -> TRUE | BT26: =IFERROR(VLOOKUP($B26, aegis!$CI:$CJ, 2, FALSE), 0) -> 7 | BU26: =IFERROR(VLOOKUP($B26, duel!$CI:$CJ, 2, FALSE), 0) -> 7 | BV26: =IFERROR(VLOOKUP($B26, blitz!$CI:$CJ, 2, FALSE), 0) -> 7 | BW26: =AND(BT26=BU26, BU26=BV26) -> TRUE | BX26: =IFERROR(VLOOKUP($B26, aegis!$CN:$CO, 2, FALSE), 0) -> 7 | BY26: =IFERROR(VLOOKUP($B26, duel!$CN:$CO, 2, FALSE), 0) -> 7 | BZ26: =IFERROR(VLOOKUP($B26, blitz!$CN:$CO, 2, FALSE), 0) -> 7 | CA26: =AND(BX26=BY26, BY26=BZ26) -> TRUE | CB26: =IFERROR(VLOOKUP($B26, aegis!$CS:$CT, 2, FALSE), 0) -> 30 | CC26: =IFERROR(VLOOKUP($B26, duel!$CS:$CT, 2, FALSE), 0) -> 30 | CD26: =IFERROR(VLOOKUP($B26, blitz!$CS:$CT, 2, FALSE), 0) -> 30 | CE26: =AND(CB26=CC26, CC26=CD26) -> TRUE | CF26: =IFERROR(VLOOKUP($B26, aegis!$CX:$CY, 2, FALSE), 0) -> 25012 | CG26: =IFERROR(VLOOKUP($B26, duel!$CX:$CY, 2, FALSE), 0) -> 25009 | CH26: =IFERROR(VLOOKUP($B26, blitz!$CX:$CY, 2, FALSE), 0) -> 4833 | CI26: =AND(CF26=CG26, CG26=CH26) -> FALSE | CJ26: =IFERROR(VLOOKUP($B26, aegis!$DC:$DD, 2, FALSE), 0) -> 1 | CK26: =IFERROR(VLOOKUP($B26, duel!$DC:$DD, 2, FALSE), 0) -> 1 | CL26: =IFERROR(VLOOKUP($B26, blitz!$DC:$DD, 2, FALSE), 0) -> 1 | CM26: =AND(CJ26=CK26, CK26=CL26) -> TRUE | CN26: =IFERROR(VLOOKUP($B26, aegis!$DH:$DI, 2, FALSE), 0) -> 4 | CO26: =IFERROR(VLOOKUP($B26, duel!$DH:$DI, 2, FALSE), 0) -> 4 | CP26: =IFERROR(VLOOKUP($B26, blitz!$DH:$DI, 2, FALSE), 0) -> 0 | CQ26: =AND(CN26=CO26) -> TRUE | CR26: =IFERROR(VLOOKUP($B26, aegis!$DM:$DN, 2, FALSE), 0) -> 1 | CS26: =IFERROR(VLOOKUP($B26, duel!$DM:$DN, 2, FALSE), 0) -> 1 | CT26: =IFERROR(VLOOKUP($B26, blitz!$DM:$DN, 2, FALSE), 0) -> 1 | CU26: =AND(CR26=CS26, CS26=CT26) -> TRUE | CV26: =IFERROR(VLOOKUP($B26, aegis!$DR:$DS, 2, FALSE), 0) -> 109 | CW26: =IFERROR(VLOOKUP($B26, duel!$DR:$DS, 2, FALSE), 0) -> 109 | CX26: =IFERROR(VLOOKUP($B26, blitz!$DR:$DS, 2, FALSE), 0) -> 109 | CY26: =AND(CV26=CW26, CW26=CX26) -> TRUE
B27: 02000020 | C27: =AND(G27,K27,O27,S27,W27,AA27,AE27,AI27,AM27,AQ27,AU27,AY27,BC27,BG27,BK27,BO27,BS27,BW27,CA27,CE27,CI27,CM27,CQ27,CU27,CY27) -> FALSE | D27: =IFERROR(VLOOKUP($B27, aegis!$B:$C, 2, FALSE), 0) -> 24 | E27: =IFERROR(VLOOKUP($B27, duel!$B:$C, 2, FALSE), 0) -> 24 | F27: =IFERROR(VLOOKUP($B27, blitz!$B:$C, 2, FALSE), 0) -> 24 | G27: =AND(D27=E27, E27=F27) -> TRUE | H27: =IFERROR(VLOOKUP($B27, aegis!$G:$H, 2, FALSE), 0) -> 14 | I27: =IFERROR(VLOOKUP($B27, duel!$G:$H, 2, FALSE), 0) -> 14 | J27: =IFERROR(VLOOKUP($B27, blitz!$G:$H, 2, FALSE), 0) -> 14 | K27: =AND(H27=I27, I27=J27) -> TRUE | L27: =IFERROR(VLOOKUP($B27, aegis!$L:$M, 2, FALSE), 0) -> 24 | M27: =IFERROR(VLOOKUP($B27, duel!$L:$M, 2, FALSE), 0) -> 24 | N27: =IFERROR(VLOOKUP($B27, blitz!$L:$M, 2, FALSE), 0) -> 24 | O27: =AND(L27=M27, M27=N27) -> TRUE | P27: =IFERROR(VLOOKUP($B27, aegis!$Q:$R, 2, FALSE), 0) -> 14 | Q27: =IFERROR(VLOOKUP($B27, duel!$Q:$R, 2, FALSE), 0) -> 14 | R27: =IFERROR(VLOOKUP($B27, blitz!$Q:$R, 2, FALSE), 0) -> 14 | S27: =AND(P27=Q27, Q27=R27) -> TRUE | T27: =IFERROR(VLOOKUP($B27, aegis!$V:$W, 2, FALSE), 0) -> 4 | U27: =IFERROR(VLOOKUP($B27, duel!$V:$W, 2, FALSE), 0) -> 4 | V27: =IFERROR(VLOOKUP($B27, blitz!$V:$W, 2, FALSE), 0) -> 4 | W27: =AND(T27=U27, U27=V27) -> TRUE | X27: =IFERROR(VLOOKUP($B27, aegis!$AA:$AB, 2, FALSE), 0) -> 2 | Y27: =IFERROR(VLOOKUP($B27, duel!$AA:$AB, 2, FALSE), 0) -> 4 | Z27: =IFERROR(VLOOKUP($B27, blitz!$AA:$AB, 2, FALSE), 0) -> 2 | AA27: =AND(X27=Y27, Y27=Z27) -> FALSE | AB27: =IFERROR(VLOOKUP($B27, aegis!$AF:$AG, 2, FALSE), 0) -> 4 | AC27: =IFERROR(VLOOKUP($B27, duel!$AF:$AG, 2, FALSE), 0) -> 4 | AD27: =IFERROR(VLOOKUP($B27, blitz!$AF:$AG, 2, FALSE), 0) -> 4 | AE27: =AND(AB27=AC27, AC27=AD27) -> TRUE | AF27: =IFERROR(VLOOKUP($B27, aegis!$AK:$AL, 2, FALSE), 0) -> 3 | AG27: =IFERROR(VLOOKUP($B27, duel!$AK:$AL, 2, FALSE), 0) -> 1 | AH27: =IFERROR(VLOOKUP($B27, blitz!$AK:$AL, 2, FALSE), 0) -> 1 | AI27: =AND(AF27=AG27, AG27=AH27) -> FALSE | AJ27: =IFERROR(VLOOKUP($B27, aegis!$AP:$AQ, 2, FALSE), 0) -> 2 | AK27: =IFERROR(VLOOKUP($B27, duel!$AP:$AQ, 2, FALSE), 0) -> 2 | AL27: =IFERROR(VLOOKUP($B27, blitz!$AP:$AQ, 2, FALSE), 0) -> 2 | AM27: =AND(AJ27=AK27, AK27=AL27) -> TRUE | AN27: =IFERROR(VLOOKUP($B27, aegis!$AU:$AV, 2, FALSE), 0) -> 0 | AO27: =IFERROR(VLOOKUP($B27, duel!$AU:$AV, 2, FALSE), 0) -> 0 | AP27: =IFERROR(VLOOKUP($B27, blitz!$AU:$AV, 2, FALSE), 0) -> 0 | AQ27: =AND(AN27=AO27, AO27=AP27) -> TRUE | AR27: =IFERROR(VLOOKUP($B27, aegis!$AZ:$BA, 2, FALSE), 0) -> 2 | AS27: =IFERROR(VLOOKUP($B27, duel!$AZ:$BA, 2, FALSE), 0) -> 2 | AT27: =IFERROR(VLOOKUP($B27, blitz!$AZ:$BA, 2, FALSE), 0) -> 2 | AU27: =AND(AR27=AS27, AS27=AT27) -> TRUE | AV27: =IFERROR(VLOOKUP($B27, aegis!$BE:$BF, 2, FALSE), 0) -> 2 | AW27: =IFERROR(VLOOKUP($B27, duel!$BE:$BF, 2, FALSE), 0) -> 2 | AX27: =IFERROR(VLOOKUP($B27, blitz!$BE:$BF, 2, FALSE), 0) -> 2 | AY27: =AND(AV27=AW27, AW27=AX27) -> TRUE | AZ27: =IFERROR(VLOOKUP($B27, aegis!$BJ:$BK, 2, FALSE), 0) -> 1 | BA27: =IFERROR(VLOOKUP($B27, duel!$BJ:$BK, 2, FALSE), 0) -> 1 | BB27: =IFERROR(VLOOKUP($B27, blitz!$BJ:$BK, 2, FALSE), 0) -> 1 | BC27: =AND(AZ27=BA27, BA27=BB27) -> TRUE | BD27: =IFERROR(VLOOKUP($B27, aegis!$BO:$BP, 2, FALSE), 0) -> 0 | BE27: =IFERROR(VLOOKUP($B27, duel!$BO:$BP, 2, FALSE), 0) -> 0 | BF27: =IFERROR(VLOOKUP($B27, blitz!$BO:$BP, 2, FALSE), 0) -> 0 | BG27: =AND(BD27=BE27, BE27=BF27) -> TRUE | BH27: =IFERROR(VLOOKUP($B27, aegis!$BT:$BU, 2, FALSE), 0) -> 0 | BI27: =IFERROR(VLOOKUP($B27, duel!$BT:$BU, 2, FALSE), 0) -> 0 | BJ27: =IFERROR(VLOOKUP($B27, blitz!$BT:$BU, 2, FALSE), 0) -> 0 | BK27: =AND(BH27=BI27, BI27=BJ27) -> TRUE | BL27: =IFERROR(VLOOKUP($B27, aegis!$BY:$BZ, 2, FALSE), 0) -> 1 | BM27: =IFERROR(VLOOKUP($B27, duel!$BY:$BZ, 2, FALSE), 0) -> 1 | BN27: =IFERROR(VLOOKUP($B27, blitz!$BY:$BZ, 2, FALSE), 0) -> 1 | BO27: =AND(BL27=BM27, BM27=BN27) -> TRUE | BP27: =IFERROR(VLOOKUP($B27, aegis!$CD:$CE, 2, FALSE), 0) -> 5 | BQ27: =IFERROR(VLOOKUP($B27, duel!$CD:$CE, 2, FALSE), 0) -> 5 | BR27: =IFERROR(VLOOKUP($B27, blitz!$CD:$CE, 2, FALSE), 0) -> 5 | BS27: =AND(BP27=BQ27, BQ27=BR27) -> TRUE | BT27: =IFERROR(VLOOKUP($B27, aegis!$CI:$CJ, 2, FALSE), 0) -> 0 | BU27: =IFERROR(VLOOKUP($B27, duel!$CI:$CJ, 2, FALSE), 0) -> 0 | BV27: =IFERROR(VLOOKUP($B27, blitz!$CI:$CJ, 2, FALSE), 0) -> 0 | BW27: =AND(BT27=BU27, BU27=BV27) -> TRUE | BX27: =IFERROR(VLOOKUP($B27, aegis!$CN:$CO, 2, FALSE), 0) -> 0 | BY27: =IFERROR(VLOOKUP($B27, duel!$CN:$CO, 2, FALSE), 0) -> 0 | BZ27: =IFERROR(VLOOKUP($B27, blitz!$CN:$CO, 2, FALSE), 0) -> 0 | CA27: =AND(BX27=BY27, BY27=BZ27) -> TRUE | CB27: =IFERROR(VLOOKUP($B27, aegis!$CS:$CT, 2, FALSE), 0) -> 0 | CC27: =IFERROR(VLOOKUP($B27, duel!$CS:$CT, 2, FALSE), 0) -> 0 | CD27: =IFERROR(VLOOKUP($B27, blitz!$CS:$CT, 2, FALSE), 0) -> 0 | CE27: =AND(CB27=CC27, CC27=CD27) -> TRUE | CF27: =IFERROR(VLOOKUP($B27, aegis!$CX:$CY, 2, FALSE), 0) -> 0 | CG27: =IFERROR(VLOOKUP($B27, duel!$CX:$CY, 2, FALSE), 0) -> 0 | CH27: =IFERROR(VLOOKUP($B27, blitz!$CX:$CY, 2, FALSE), 0) -> 0 | CI27: =AND(CF27=CG27, CG27=CH27) -> TRUE | CJ27: =IFERROR(VLOOKUP($B27, aegis!$DC:$DD, 2, FALSE), 0) -> 1 | CK27: =IFERROR(VLOOKUP($B27, duel!$DC:$DD, 2, FALSE), 0) -> 1 | CL27: =IFERROR(VLOOKUP($B27, blitz!$DC:$DD, 2, FALSE), 0) -> 1 | CM27: =AND(CJ27=CK27, CK27=CL27) -> TRUE | CN27: =IFERROR(VLOOKUP($B27, aegis!$DH:$DI, 2, FALSE), 0) -> 1 | CO27: =IFERROR(VLOOKUP($B27, duel!$DH:$DI, 2, FALSE), 0) -> 1 | CP27: =IFERROR(VLOOKUP($B27, blitz!$DH:$DI, 2, FALSE), 0) -> 0 | CQ27: =AND(CN27=CO27) -> TRUE | CR27: =IFERROR(VLOOKUP($B27, aegis!$DM:$DN, 2, FALSE), 0) -> 1 | CS27: =IFERROR(VLOOKUP($B27, duel!$DM:$DN, 2, FALSE), 0) -> 1 | CT27: =IFERROR(VLOOKUP($B27, blitz!$DM:$DN, 2, FALSE), 0) -> 1 | CU27: =AND(CR27=CS27, CS27=CT27) -> TRUE | CV27: =IFERROR(VLOOKUP($B27, aegis!$DR:$DS, 2, FALSE), 0) -> 4 | CW27: =IFERROR(VLOOKUP($B27, duel!$DR:$DS, 2, FALSE), 0) -> 4 | CX27: =IFERROR(VLOOKUP($B27, blitz!$DR:$DS, 2, FALSE), 0) -> 4 | CY27: =AND(CV27=CW27, CW27=CX27) -> TRUE
A28: ○ | B28: 02000021 | C28: =AND(G28,K28,O28,S28,W28,AA28,AE28,AI28,AM28,AQ28,AU28,AY28,BC28,BG28,BK28,BO28,BS28,BW28,CA28,CE28,CI28,CM28,CQ28,CU28,CY28) -> FALSE | D28: =IFERROR(VLOOKUP($B28, aegis!$B:$C, 2, FALSE), 0) -> 24 | E28: =IFERROR(VLOOKUP($B28, duel!$B:$C, 2, FALSE), 0) -> 24 | F28: =IFERROR(VLOOKUP($B28, blitz!$B:$C, 2, FALSE), 0) -> 24 | G28: =AND(D28=E28, E28=F28) -> TRUE | H28: =IFERROR(VLOOKUP($B28, aegis!$G:$H, 2, FALSE), 0) -> 14 | I28: =IFERROR(VLOOKUP($B28, duel!$G:$H, 2, FALSE), 0) -> 14 | J28: =IFERROR(VLOOKUP($B28, blitz!$G:$H, 2, FALSE), 0) -> 14 | K28: =AND(H28=I28, I28=J28) -> TRUE | L28: =IFERROR(VLOOKUP($B28, aegis!$L:$M, 2, FALSE), 0) -> 24 | M28: =IFERROR(VLOOKUP($B28, duel!$L:$M, 2, FALSE), 0) -> 24 | N28: =IFERROR(VLOOKUP($B28, blitz!$L:$M, 2, FALSE), 0) -> 24 | O28: =AND(L28=M28, M28=N28) -> TRUE | P28: =IFERROR(VLOOKUP($B28, aegis!$Q:$R, 2, FALSE), 0) -> 14 | Q28: =IFERROR(VLOOKUP($B28, duel!$Q:$R, 2, FALSE), 0) -> 14 | R28: =IFERROR(VLOOKUP($B28, blitz!$Q:$R, 2, FALSE), 0) -> 14 | S28: =AND(P28=Q28, Q28=R28) -> TRUE | T28: =IFERROR(VLOOKUP($B28, aegis!$V:$W, 2, FALSE), 0) -> 31 | U28: =IFERROR(VLOOKUP($B28, duel!$V:$W, 2, FALSE), 0) -> 31 | V28: =IFERROR(VLOOKUP($B28, blitz!$V:$W, 2, FALSE), 0) -> 31 | W28: =AND(T28=U28, U28=V28) -> TRUE | X28: =IFERROR(VLOOKUP($B28, aegis!$AA:$AB, 2, FALSE), 0) -> 2 | Y28: =IFERROR(VLOOKUP($B28, duel!$AA:$AB, 2, FALSE), 0) -> 4 | Z28: =IFERROR(VLOOKUP($B28, blitz!$AA:$AB, 2, FALSE), 0) -> 2 | AA28: =AND(X28=Y28, Y28=Z28) -> FALSE | AB28: =IFERROR(VLOOKUP($B28, aegis!$AF:$AG, 2, FALSE), 0) -> 34 | AC28: =IFERROR(VLOOKUP($B28, duel!$AF:$AG, 2, FALSE), 0) -> 34 | AD28: =IFERROR(VLOOKUP($B28, blitz!$AF:$AG, 2, FALSE), 0) -> 34 | AE28: =AND(AB28=AC28, AC28=AD28) -> TRUE | AF28: =IFERROR(VLOOKUP($B28, aegis!$AK:$AL, 2, FALSE), 0) -> 3 | AG28: =IFERROR(VLOOKUP($B28, duel!$AK:$AL, 2, FALSE), 0) -> 1 | AH28: =IFERROR(VLOOKUP($B28, blitz!$AK:$AL, 2, FALSE), 0) -> 1 | AI28: =AND(AF28=AG28, AG28=AH28) -> FALSE | AJ28: =IFERROR(VLOOKUP($B28, aegis!$AP:$AQ, 2, FALSE), 0) -> 2 | AK28: =IFERROR(VLOOKUP($B28, duel!$AP:$AQ, 2, FALSE), 0) -> 2 | AL28: =IFERROR(VLOOKUP($B28, blitz!$AP:$AQ, 2, FALSE), 0) -> 2 | AM28: =AND(AJ28=AK28, AK28=AL28) -> TRUE | AN28: =IFERROR(VLOOKUP($B28, aegis!$AU:$AV, 2, FALSE), 0) -> 0 | AO28: =IFERROR(VLOOKUP($B28, duel!$AU:$AV, 2, FALSE), 0) -> 0 | AP28: =IFERROR(VLOOKUP($B28, blitz!$AU:$AV, 2, FALSE), 0) -> 0 | AQ28: =AND(AN28=AO28, AO28=AP28) -> TRUE | AR28: =IFERROR(VLOOKUP($B28, aegis!$AZ:$BA, 2, FALSE), 0) -> 2 | AS28: =IFERROR(VLOOKUP($B28, duel!$AZ:$BA, 2, FALSE), 0) -> 2 | AT28: =IFERROR(VLOOKUP($B28, blitz!$AZ:$BA, 2, FALSE), 0) -> 2 | AU28: =AND(AR28=AS28, AS28=AT28) -> TRUE | AV28: =IFERROR(VLOOKUP($B28, aegis!$BE:$BF, 2, FALSE), 0) -> 2 | AW28: =IFERROR(VLOOKUP($B28, duel!$BE:$BF, 2, FALSE), 0) -> 2 | AX28: =IFERROR(VLOOKUP($B28, blitz!$BE:$BF, 2, FALSE), 0) -> 2 | AY28: =AND(AV28=AW28, AW28=AX28) -> TRUE | AZ28: =IFERROR(VLOOKUP($B28, aegis!$BJ:$BK, 2, FALSE), 0) -> 1 | BA28: =IFERROR(VLOOKUP($B28, duel!$BJ:$BK, 2, FALSE), 0) -> 1 | BB28: =IFERROR(VLOOKUP($B28, blitz!$BJ:$BK, 2, FALSE), 0) -> 1 | BC28: =AND(AZ28=BA28, BA28=BB28) -> TRUE | BD28: =IFERROR(VLOOKUP($B28, aegis!$BO:$BP, 2, FALSE), 0) -> 0 | BE28: =IFERROR(VLOOKUP($B28, duel!$BO:$BP, 2, FALSE), 0) -> 0 | BF28: =IFERROR(VLOOKUP($B28, blitz!$BO:$BP, 2, FALSE), 0) -> 0 | BG28: =AND(BD28=BE28, BE28=BF28) -> TRUE | BH28: =IFERROR(VLOOKUP($B28, aegis!$BT:$BU, 2, FALSE), 0) -> 16 | BI28: =IFERROR(VLOOKUP($B28, duel!$BT:$BU, 2, FALSE), 0) -> 16 | BJ28: =IFERROR(VLOOKUP($B28, blitz!$BT:$BU, 2, FALSE), 0) -> 16 | BK28: =AND(BH28=BI28, BI28=BJ28) -> TRUE | BL28: =IFERROR(VLOOKUP($B28, aegis!$BY:$BZ, 2, FALSE), 0) -> 0 | BM28: =IFERROR(VLOOKUP($B28, duel!$BY:$BZ, 2, FALSE), 0) -> 0 | BN28: =IFERROR(VLOOKUP($B28, blitz!$BY:$BZ, 2, FALSE), 0) -> 0 | BO28: =AND(BL28=BM28, BM28=BN28) -> TRUE | BP28: =IFERROR(VLOOKUP($B28, aegis!$CD:$CE, 2, FALSE), 0) -> 6 | BQ28: =IFERROR(VLOOKUP($B28, duel!$CD:$CE, 2, FALSE), 0) -> 6 | BR28: =IFERROR(VLOOKUP($B28, blitz!$CD:$CE, 2, FALSE), 0) -> 6 | BS28: =AND(BP28=BQ28, BQ28=BR28) -> TRUE | BT28: =IFERROR(VLOOKUP($B28, aegis!$CI:$CJ, 2, FALSE), 0) -> 0 | BU28: =IFERROR(VLOOKUP($B28, duel!$CI:$CJ, 2, FALSE), 0) -> 0 | BV28: =IFERROR(VLOOKUP($B28, blitz!$CI:$CJ, 2, FALSE), 0) -> 0 | BW28: =AND(BT28=BU28, BU28=BV28) -> TRUE | BX28: =IFERROR(VLOOKUP($B28, aegis!$CN:$CO, 2, FALSE), 0) -> 0 | BY28: =IFERROR(VLOOKUP($B28, duel!$CN:$CO, 2, FALSE), 0) -> 0 | BZ28: =IFERROR(VLOOKUP($B28, blitz!$CN:$CO, 2, FALSE), 0) -> 0 | CA28: =AND(BX28=BY28, BY28=BZ28) -> TRUE | CB28: =IFERROR(VLOOKUP($B28, aegis!$CS:$CT, 2, FALSE), 0) -> 0 | CC28: =IFERROR(VLOOKUP($B28, duel!$CS:$CT, 2, FALSE), 0) -> 0 | CD28: =IFERROR(VLOOKUP($B28, blitz!$CS:$CT, 2, FALSE), 0) -> 0 | CE28: =AND(CB28=CC28, CC28=CD28) -> TRUE | CF28: =IFERROR(VLOOKUP($B28, aegis!$CX:$CY, 2, FALSE), 0) -> 5059 | CG28: =IFERROR(VLOOKUP($B28, duel!$CX:$CY, 2, FALSE), 0) -> 5058 | CH28: =IFERROR(VLOOKUP($B28, blitz!$CX:$CY, 2, FALSE), 0) -> 1015 | CI28: =AND(CF28=CG28, CG28=CH28) -> FALSE | CJ28: =IFERROR(VLOOKUP($B28, aegis!$DC:$DD, 2, FALSE), 0) -> 1 | CK28: =IFERROR(VLOOKUP($B28, duel!$DC:$DD, 2, FALSE), 0) -> 1 | CL28: =IFERROR(VLOOKUP($B28, blitz!$DC:$DD, 2, FALSE), 0) -> 1 | CM28: =AND(CJ28=CK28, CK28=CL28) -> TRUE | CN28: =IFERROR(VLOOKUP($B28, aegis!$DH:$DI, 2, FALSE), 0) -> 3 | CO28: =IFERROR(VLOOKUP($B28, duel!$DH:$DI, 2, FALSE), 0) -> 3 | CP28: =IFERROR(VLOOKUP($B28, blitz!$DH:$DI, 2, FALSE), 0) -> 0 | CQ28: =AND(CN28=CO28) -> TRUE | CR28: =IFERROR(VLOOKUP($B28, aegis!$DM:$DN, 2, FALSE), 0) -> 1 | CS28: =IFERROR(VLOOKUP($B28, duel!$DM:$DN, 2, FALSE), 0) -> 1 | CT28: =IFERROR(VLOOKUP($B28, blitz!$DM:$DN, 2, FALSE), 0) -> 1 | CU28: =AND(CR28=CS28, CS28=CT28) -> TRUE | CV28: =IFERROR(VLOOKUP($B28, aegis!$DR:$DS, 2, FALSE), 0) -> 34 | CW28: =IFERROR(VLOOKUP($B28, duel!$DR:$DS, 2, FALSE), 0) -> 34 | CX28: =IFERROR(VLOOKUP($B28, blitz!$DR:$DS, 2, FALSE), 0) -> 34 | CY28: =AND(CV28=CW28, CW28=CX28) -> TRUE
A29: ○ | B29: 02000022 | C29: =AND(G29,K29,O29,S29,W29,AA29,AE29,AI29,AM29,AQ29,AU29,AY29,BC29,BG29,BK29,BO29,BS29,BW29,CA29,CE29,CI29,CM29,CQ29,CU29,CY29) -> FALSE | D29: =IFERROR(VLOOKUP($B29, aegis!$B:$C, 2, FALSE), 0) -> 36 | E29: =IFERROR(VLOOKUP($B29, duel!$B:$C, 2, FALSE), 0) -> 36 | F29: =IFERROR(VLOOKUP($B29, blitz!$B:$C, 2, FALSE), 0) -> 36 | G29: =AND(D29=E29, E29=F29) -> TRUE | H29: =IFERROR(VLOOKUP($B29, aegis!$G:$H, 2, FALSE), 0) -> 21 | I29: =IFERROR(VLOOKUP($B29, duel!$G:$H, 2, FALSE), 0) -> 21 | J29: =IFERROR(VLOOKUP($B29, blitz!$G:$H, 2, FALSE), 0) -> 21 | K29: =AND(H29=I29, I29=J29) -> TRUE | L29: =IFERROR(VLOOKUP($B29, aegis!$L:$M, 2, FALSE), 0) -> 36 | M29: =IFERROR(VLOOKUP($B29, duel!$L:$M, 2, FALSE), 0) -> 36 | N29: =IFERROR(VLOOKUP($B29, blitz!$L:$M, 2, FALSE), 0) -> 36 | O29: =AND(L29=M29, M29=N29) -> TRUE | P29: =IFERROR(VLOOKUP($B29, aegis!$Q:$R, 2, FALSE), 0) -> 21 | Q29: =IFERROR(VLOOKUP($B29, duel!$Q:$R, 2, FALSE), 0) -> 21 | R29: =IFERROR(VLOOKUP($B29, blitz!$Q:$R, 2, FALSE), 0) -> 21 | S29: =AND(P29=Q29, Q29=R29) -> TRUE | T29: =IFERROR(VLOOKUP($B29, aegis!$V:$W, 2, FALSE), 0) -> 42 | U29: =IFERROR(VLOOKUP($B29, duel!$V:$W, 2, FALSE), 0) -> 42 | V29: =IFERROR(VLOOKUP($B29, blitz!$V:$W, 2, FALSE), 0) -> 42 | W29: =AND(T29=U29, U29=V29) -> TRUE | X29: =IFERROR(VLOOKUP($B29, aegis!$AA:$AB, 2, FALSE), 0) -> 2 | Y29: =IFERROR(VLOOKUP($B29, duel!$AA:$AB, 2, FALSE), 0) -> 4 | Z29: =IFERROR(VLOOKUP($B29, blitz!$AA:$AB, 2, FALSE), 0) -> 2 | AA29: =AND(X29=Y29, Y29=Z29) -> FALSE | AB29: =IFERROR(VLOOKUP($B29, aegis!$AF:$AG, 2, FALSE), 0) -> 24 | AC29: =IFERROR(VLOOKUP($B29, duel!$AF:$AG, 2, FALSE), 0) -> 24 | AD29: =IFERROR(VLOOKUP($B29, blitz!$AF:$AG, 2, FALSE), 0) -> 24 | AE29: =AND(AB29=AC29, AC29=AD29) -> TRUE | AF29: =IFERROR(VLOOKUP($B29, aegis!$AK:$AL, 2, FALSE), 0) -> 3 | AG29: =IFERROR(VLOOKUP($B29, duel!$AK:$AL, 2, FALSE), 0) -> 1 | AH29: =IFERROR(VLOOKUP($B29, blitz!$AK:$AL, 2, FALSE), 0) -> 1 | AI29: =AND(AF29=AG29, AG29=AH29) -> FALSE | AJ29: =IFERROR(VLOOKUP($B29, aegis!$AP:$AQ, 2, FALSE), 0) -> 2 | AK29: =IFERROR(VLOOKUP($B29, duel!$AP:$AQ, 2, FALSE), 0) -> 2 | AL29: =IFERROR(VLOOKUP($B29, blitz!$AP:$AQ, 2, FALSE), 0) -> 2 | AM29: =AND(AJ29=AK29, AK29=AL29) -> TRUE | AN29: =IFERROR(VLOOKUP($B29, aegis!$AU:$AV, 2, FALSE), 0) -> 0 | AO29: =IFERROR(VLOOKUP($B29, duel!$AU:$AV, 2, FALSE), 0) -> 0 | AP29: =IFERROR(VLOOKUP($B29, blitz!$AU:$AV, 2, FALSE), 0) -> 0 | AQ29: =AND(AN29=AO29, AO29=AP29) -> TRUE | AR29: =IFERROR(VLOOKUP($B29, aegis!$AZ:$BA, 2, FALSE), 0) -> 2 | AS29: =IFERROR(VLOOKUP($B29, duel!$AZ:$BA, 2, FALSE), 0) -> 2 | AT29: =IFERROR(VLOOKUP($B29, blitz!$AZ:$BA, 2, FALSE), 0) -> 2 | AU29: =AND(AR29=AS29, AS29=AT29) -> TRUE | AV29: =IFERROR(VLOOKUP($B29, aegis!$BE:$BF, 2, FALSE), 0) -> 2 | AW29: =IFERROR(VLOOKUP($B29, duel!$BE:$BF, 2, FALSE), 0) -> 2 | AX29: =IFERROR(VLOOKUP($B29, blitz!$BE:$BF, 2, FALSE), 0) -> 2 | AY29: =AND(AV29=AW29, AW29=AX29) -> TRUE | AZ29: =IFERROR(VLOOKUP($B29, aegis!$BJ:$BK, 2, FALSE), 0) -> 1 | BA29: =IFERROR(VLOOKUP($B29, duel!$BJ:$BK, 2, FALSE), 0) -> 1 | BB29: =IFERROR(VLOOKUP($B29, blitz!$BJ:$BK, 2, FALSE), 0) -> 1 | BC29: =AND(AZ29=BA29, BA29=BB29) -> TRUE | BD29: =IFERROR(VLOOKUP($B29, aegis!$BO:$BP, 2, FALSE), 0) -> 0 | BE29: =IFERROR(VLOOKUP($B29, duel!$BO:$BP, 2, FALSE), 0) -> 0 | BF29: =IFERROR(VLOOKUP($B29, blitz!$BO:$BP, 2, FALSE), 0) -> 0 | BG29: =AND(BD29=BE29, BE29=BF29) -> TRUE | BH29: =IFERROR(VLOOKUP($B29, aegis!$BT:$BU, 2, FALSE), 0) -> 12 | BI29: =IFERROR(VLOOKUP($B29, duel!$BT:$BU, 2, FALSE), 0) -> 12 | BJ29: =IFERROR(VLOOKUP($B29, blitz!$BT:$BU, 2, FALSE), 0) -> 12 | BK29: =AND(BH29=BI29, BI29=BJ29) -> TRUE | BL29: =IFERROR(VLOOKUP($B29, aegis!$BY:$BZ, 2, FALSE), 0) -> 0 | BM29: =IFERROR(VLOOKUP($B29, duel!$BY:$BZ, 2, FALSE), 0) -> 0 | BN29: =IFERROR(VLOOKUP($B29, blitz!$BY:$BZ, 2, FALSE), 0) -> 0 | BO29: =AND(BL29=BM29, BM29=BN29) -> TRUE | BP29: =IFERROR(VLOOKUP($B29, aegis!$CD:$CE, 2, FALSE), 0) -> 5 | BQ29: =IFERROR(VLOOKUP($B29, duel!$CD:$CE, 2, FALSE), 0) -> 5 | BR29: =IFERROR(VLOOKUP($B29, blitz!$CD:$CE, 2, FALSE), 0) -> 5 | BS29: =AND(BP29=BQ29, BQ29=BR29) -> TRUE | BT29: =IFERROR(VLOOKUP($B29, aegis!$CI:$CJ, 2, FALSE), 0) -> 0 | BU29: =IFERROR(VLOOKUP($B29, duel!$CI:$CJ, 2, FALSE), 0) -> 0 | BV29: =IFERROR(VLOOKUP($B29, blitz!$CI:$CJ, 2, FALSE), 0) -> 0 | BW29: =AND(BT29=BU29, BU29=BV29) -> TRUE | BX29: =IFERROR(VLOOKUP($B29, aegis!$CN:$CO, 2, FALSE), 0) -> 0 | BY29: =IFERROR(VLOOKUP($B29, duel!$CN:$CO, 2, FALSE), 0) -> 0 | BZ29: =IFERROR(VLOOKUP($B29, blitz!$CN:$CO, 2, FALSE), 0) -> 0 | CA29: =AND(BX29=BY29, BY29=BZ29) -> TRUE | CB29: =IFERROR(VLOOKUP($B29, aegis!$CS:$CT, 2, FALSE), 0) -> 0 | CC29: =IFERROR(VLOOKUP($B29, duel!$CS:$CT, 2, FALSE), 0) -> 0 | CD29: =IFERROR(VLOOKUP($B29, blitz!$CS:$CT, 2, FALSE), 0) -> 0 | CE29: =AND(CB29=CC29, CC29=CD29) -> TRUE | CF29: =IFERROR(VLOOKUP($B29, aegis!$CX:$CY, 2, FALSE), 0) -> 6956 | CG29: =IFERROR(VLOOKUP($B29, duel!$CX:$CY, 2, FALSE), 0) -> 6953 | CH29: =IFERROR(VLOOKUP($B29, blitz!$CX:$CY, 2, FALSE), 0) -> 1758 | CI29: =AND(CF29=CG29, CG29=CH29) -> FALSE | CJ29: =IFERROR(VLOOKUP($B29, aegis!$DC:$DD, 2, FALSE), 0) -> 1 | CK29: =IFERROR(VLOOKUP($B29, duel!$DC:$DD, 2, FALSE), 0) -> 1 | CL29: =IFERROR(VLOOKUP($B29, blitz!$DC:$DD, 2, FALSE), 0) -> 1 | CM29: =AND(CJ29=CK29, CK29=CL29) -> TRUE | CN29: =IFERROR(VLOOKUP($B29, aegis!$DH:$DI, 2, FALSE), 0) -> 2 | CO29: =IFERROR(VLOOKUP($B29, duel!$DH:$DI, 2, FALSE), 0) -> 2 | CP29: =IFERROR(VLOOKUP($B29, blitz!$DH:$DI, 2, FALSE), 0) -> 0 | CQ29: =AND(CN29=CO29) -> TRUE | CR29: =IFERROR(VLOOKUP($B29, aegis!$DM:$DN, 2, FALSE), 0) -> 1 | CS29: =IFERROR(VLOOKUP($B29, duel!$DM:$DN, 2, FALSE), 0) -> 1 | CT29: =IFERROR(VLOOKUP($B29, blitz!$DM:$DN, 2, FALSE), 0) -> 1 | CU29: =AND(CR29=CS29, CS29=CT29) -> TRUE | CV29: =IFERROR(VLOOKUP($B29, aegis!$DR:$DS, 2, FALSE), 0) -> 24 | CW29: =IFERROR(VLOOKUP($B29, duel!$DR:$DS, 2, FALSE), 0) -> 24 | CX29: =IFERROR(VLOOKUP($B29, blitz!$DR:$DS, 2, FALSE), 0) -> 24 | CY29: =AND(CV29=CW29, CW29=CX29) -> TRUE
A30: ○ | B30: 02000023 | C30: =AND(G30,K30,O30,S30,W30,AA30,AE30,AI30,AM30,AQ30,AU30,AY30,BC30,BG30,BK30,BO30,BS30,BW30,CA30,CE30,CI30,CM30,CQ30,CU30,CY30) -> FALSE | D30: =IFERROR(VLOOKUP($B30, aegis!$B:$C, 2, FALSE), 0) -> 60 | E30: =IFERROR(VLOOKUP($B30, duel!$B:$C, 2, FALSE), 0) -> 60 | F30: =IFERROR(VLOOKUP($B30, blitz!$B:$C, 2, FALSE), 0) -> 60 | G30: =AND(D30=E30, E30=F30) -> TRUE | H30: =IFERROR(VLOOKUP($B30, aegis!$G:$H, 2, FALSE), 0) -> 35 | I30: =IFERROR(VLOOKUP($B30, duel!$G:$H, 2, FALSE), 0) -> 35 | J30: =IFERROR(VLOOKUP($B30, blitz!$G:$H, 2, FALSE), 0) -> 35 | K30: =AND(H30=I30, I30=J30) -> TRUE | L30: =IFERROR(VLOOKUP($B30, aegis!$L:$M, 2, FALSE), 0) -> 60 | M30: =IFERROR(VLOOKUP($B30, duel!$L:$M, 2, FALSE), 0) -> 60 | N30: =IFERROR(VLOOKUP($B30, blitz!$L:$M, 2, FALSE), 0) -> 60 | O30: =AND(L30=M30, M30=N30) -> TRUE | P30: =IFERROR(VLOOKUP($B30, aegis!$Q:$R, 2, FALSE), 0) -> 35 | Q30: =IFERROR(VLOOKUP($B30, duel!$Q:$R, 2, FALSE), 0) -> 35 | R30: =IFERROR(VLOOKUP($B30, blitz!$Q:$R, 2, FALSE), 0) -> 35 | S30: =AND(P30=Q30, Q30=R30) -> TRUE | T30: =IFERROR(VLOOKUP($B30, aegis!$V:$W, 2, FALSE), 0) -> 40 | U30: =IFERROR(VLOOKUP($B30, duel!$V:$W, 2, FALSE), 0) -> 40 | V30: =IFERROR(VLOOKUP($B30, blitz!$V:$W, 2, FALSE), 0) -> 40 | W30: =AND(T30=U30, U30=V30) -> TRUE | X30: =IFERROR(VLOOKUP($B30, aegis!$AA:$AB, 2, FALSE), 0) -> 3 | Y30: =IFERROR(VLOOKUP($B30, duel!$AA:$AB, 2, FALSE), 0) -> 6 | Z30: =IFERROR(VLOOKUP($B30, blitz!$AA:$AB, 2, FALSE), 0) -> 3 | AA30: =AND(X30=Y30, Y30=Z30) -> FALSE | AB30: =IFERROR(VLOOKUP($B30, aegis!$AF:$AG, 2, FALSE), 0) -> 14 | AC30: =IFERROR(VLOOKUP($B30, duel!$AF:$AG, 2, FALSE), 0) -> 14 | AD30: =IFERROR(VLOOKUP($B30, blitz!$AF:$AG, 2, FALSE), 0) -> 14 | AE30: =AND(AB30=AC30, AC30=AD30) -> TRUE | AF30: =IFERROR(VLOOKUP($B30, aegis!$AK:$AL, 2, FALSE), 0) -> 4 | AG30: =IFERROR(VLOOKUP($B30, duel!$AK:$AL, 2, FALSE), 0) -> 1 | AH30: =IFERROR(VLOOKUP($B30, blitz!$AK:$AL, 2, FALSE), 0) -> 1 | AI30: =AND(AF30=AG30, AG30=AH30) -> FALSE | AJ30: =IFERROR(VLOOKUP($B30, aegis!$AP:$AQ, 2, FALSE), 0) -> 3 | AK30: =IFERROR(VLOOKUP($B30, duel!$AP:$AQ, 2, FALSE), 0) -> 3 | AL30: =IFERROR(VLOOKUP($B30, blitz!$AP:$AQ, 2, FALSE), 0) -> 3 | AM30: =AND(AJ30=AK30, AK30=AL30) -> TRUE | AN30: =IFERROR(VLOOKUP($B30, aegis!$AU:$AV, 2, FALSE), 0) -> 0 | AO30: =IFERROR(VLOOKUP($B30, duel!$AU:$AV, 2, FALSE), 0) -> 0 | AP30: =IFERROR(VLOOKUP($B30, blitz!$AU:$AV, 2, FALSE), 0) -> 0 | AQ30: =AND(AN30=AO30, AO30=AP30) -> TRUE | AR30: =IFERROR(VLOOKUP($B30, aegis!$AZ:$BA, 2, FALSE), 0) -> 3 | AS30: =IFERROR(VLOOKUP($B30, duel!$AZ:$BA, 2, FALSE), 0) -> 3 | AT30: =IFERROR(VLOOKUP($B30, blitz!$AZ:$BA, 2, FALSE), 0) -> 3 | AU30: =AND(AR30=AS30, AS30=AT30) -> TRUE | AV30: =IFERROR(VLOOKUP($B30, aegis!$BE:$BF, 2, FALSE), 0) -> 3 | AW30: =IFERROR(VLOOKUP($B30, duel!$BE:$BF, 2, FALSE), 0) -> 3 | AX30: =IFERROR(VLOOKUP($B30, blitz!$BE:$BF, 2, FALSE), 0) -> 3 | AY30: =AND(AV30=AW30, AW30=AX30) -> TRUE | AZ30: =IFERROR(VLOOKUP($B30, aegis!$BJ:$BK, 2, FALSE), 0) -> 1 | BA30: =IFERROR(VLOOKUP($B30, duel!$BJ:$BK, 2, FALSE), 0) -> 1 | BB30: =IFERROR(VLOOKUP($B30, blitz!$BJ:$BK, 2, FALSE), 0) -> 1 | BC30: =AND(AZ30=BA30, BA30=BB30) -> TRUE | BD30: =IFERROR(VLOOKUP($B30, aegis!$BO:$BP, 2, FALSE), 0) -> 0 | BE30: =IFERROR(VLOOKUP($B30, duel!$BO:$BP, 2, FALSE), 0) -> 0 | BF30: =IFERROR(VLOOKUP($B30, blitz!$BO:$BP, 2, FALSE), 0) -> 0 | BG30: =AND(BD30=BE30, BE30=BF30) -> TRUE | BH30: =IFERROR(VLOOKUP($B30, aegis!$BT:$BU, 2, FALSE), 0) -> 9 | BI30: =IFERROR(VLOOKUP($B30, duel!$BT:$BU, 2, FALSE), 0) -> 9 | BJ30: =IFERROR(VLOOKUP($B30, blitz!$BT:$BU, 2, FALSE), 0) -> 9 | BK30: =AND(BH30=BI30, BI30=BJ30) -> TRUE | BL30: =IFERROR(VLOOKUP($B30, aegis!$BY:$BZ, 2, FALSE), 0) -> 0 | BM30: =IFERROR(VLOOKUP($B30, duel!$BY:$BZ, 2, FALSE), 0) -> 0 | BN30: =IFERROR(VLOOKUP($B30, blitz!$BY:$BZ, 2, FALSE), 0) -> 0 | BO30: =AND(BL30=BM30, BM30=BN30) -> TRUE | BP30: =IFERROR(VLOOKUP($B30, aegis!$CD:$CE, 2, FALSE), 0) -> 5 | BQ30: =IFERROR(VLOOKUP($B30, duel!$CD:$CE, 2, FALSE), 0) -> 5 | BR30: =IFERROR(VLOOKUP($B30, blitz!$CD:$CE, 2, FALSE), 0) -> 5 | BS30: =AND(BP30=BQ30, BQ30=BR30) -> TRUE | BT30: =IFERROR(VLOOKUP($B30, aegis!$CI:$CJ, 2, FALSE), 0) -> 77 | BU30: =IFERROR(VLOOKUP($B30, duel!$CI:$CJ, 2, FALSE), 0) -> 77 | BV30: =IFERROR(VLOOKUP($B30, blitz!$CI:$CJ, 2, FALSE), 0) -> 77 | BW30: =AND(BT30=BU30, BU30=BV30) -> TRUE | BX30: =IFERROR(VLOOKUP($B30, aegis!$CN:$CO, 2, FALSE), 0) -> 77 | BY30: =IFERROR(VLOOKUP($B30, duel!$CN:$CO, 2, FALSE), 0) -> 77 | BZ30: =IFERROR(VLOOKUP($B30, blitz!$CN:$CO, 2, FALSE), 0) -> 77 | CA30: =AND(BX30=BY30, BY30=BZ30) -> TRUE | CB30: =IFERROR(VLOOKUP($B30, aegis!$CS:$CT, 2, FALSE), 0) -> 428 | CC30: =IFERROR(VLOOKUP($B30, duel!$CS:$CT, 2, FALSE), 0) -> 428 | CD30: =IFERROR(VLOOKUP($B30, blitz!$CS:$CT, 2, FALSE), 0) -> 428 | CE30: =AND(CB30=CC30, CC30=CD30) -> TRUE | CF30: =IFERROR(VLOOKUP($B30, aegis!$CX:$CY, 2, FALSE), 0) -> 2039 | CG30: =IFERROR(VLOOKUP($B30, duel!$CX:$CY, 2, FALSE), 0) -> 2039 | CH30: =IFERROR(VLOOKUP($B30, blitz!$CX:$CY, 2, FALSE), 0) -> 570 | CI30: =AND(CF30=CG30, CG30=CH30) -> FALSE | CJ30: =IFERROR(VLOOKUP($B30, aegis!$DC:$DD, 2, FALSE), 0) -> 1 | CK30: =IFERROR(VLOOKUP($B30, duel!$DC:$DD, 2, FALSE), 0) -> 1 | CL30: =IFERROR(VLOOKUP($B30, blitz!$DC:$DD, 2, FALSE), 0) -> 1 | CM30: =AND(CJ30=CK30, CK30=CL30) -> TRUE | CN30: =IFERROR(VLOOKUP($B30, aegis!$DH:$DI, 2, FALSE), 0) -> 1 | CO30: =IFERROR(VLOOKUP($B30, duel!$DH:$DI, 2, FALSE), 0) -> 1 | CP30: =IFERROR(VLOOKUP($B30, blitz!$DH:$DI, 2, FALSE), 0) -> 0 | CQ30: =AND(CN30=CO30) -> TRUE | CR30: =IFERROR(VLOOKUP($B30, aegis!$DM:$DN, 2, FALSE), 0) -> 1 | CS30: =IFERROR(VLOOKUP($B30, duel!$DM:$DN, 2, FALSE), 0) -> 1 | CT30: =IFERROR(VLOOKUP($B30, blitz!$DM:$DN, 2, FALSE), 0) -> 1 | CU30: =AND(CR30=CS30, CS30=CT30) -> TRUE | CV30: =IFERROR(VLOOKUP($B30, aegis!$DR:$DS, 2, FALSE), 0) -> 14 | CW30: =IFERROR(VLOOKUP($B30, duel!$DR:$DS, 2, FALSE), 0) -> 14 | CX30: =IFERROR(VLOOKUP($B30, blitz!$DR:$DS, 2, FALSE), 0) -> 14 | CY30: =AND(CV30=CW30, CW30=CX30) -> TRUE
B31: 02000024 | C31: =AND(G31,K31,O31,S31,W31,AA31,AE31,AI31,AM31,AQ31,AU31,AY31,BC31,BG31,BK31,BO31,BS31,BW31,CA31,CE31,CI31,CM31,CQ31,CU31,CY31) -> TRUE | D31: =IFERROR(VLOOKUP($B31, aegis!$B:$C, 2, FALSE), 0) -> 0 | E31: =IFERROR(VLOOKUP($B31, duel!$B:$C, 2, FALSE), 0) -> 0 | F31: =IFERROR(VLOOKUP($B31, blitz!$B:$C, 2, FALSE), 0) -> 0 | G31: =AND(D31=E31, E31=F31) -> TRUE | H31: =IFERROR(VLOOKUP($B31, aegis!$G:$H, 2, FALSE), 0) -> 0 | I31: =IFERROR(VLOOKUP($B31, duel!$G:$H, 2, FALSE), 0) -> 0 | J31: =IFERROR(VLOOKUP($B31, blitz!$G:$H, 2, FALSE), 0) -> 0 | K31: =AND(H31=I31, I31=J31) -> TRUE | L31: =IFERROR(VLOOKUP($B31, aegis!$L:$M, 2, FALSE), 0) -> 12 | M31: =IFERROR(VLOOKUP($B31, duel!$L:$M, 2, FALSE), 0) -> 12 | N31: =IFERROR(VLOOKUP($B31, blitz!$L:$M, 2, FALSE), 0) -> 12 | O31: =AND(L31=M31, M31=N31) -> TRUE | P31: =IFERROR(VLOOKUP($B31, aegis!$Q:$R, 2, FALSE), 0) -> 7 | Q31: =IFERROR(VLOOKUP($B31, duel!$Q:$R, 2, FALSE), 0) -> 7 | R31: =IFERROR(VLOOKUP($B31, blitz!$Q:$R, 2, FALSE), 0) -> 7 | S31: =AND(P31=Q31, Q31=R31) -> TRUE | T31: =IFERROR(VLOOKUP($B31, aegis!$V:$W, 2, FALSE), 0) -> 0 | U31: =IFERROR(VLOOKUP($B31, duel!$V:$W, 2, FALSE), 0) -> 0 | V31: =IFERROR(VLOOKUP($B31, blitz!$V:$W, 2, FALSE), 0) -> 0 | W31: =AND(T31=U31, U31=V31) -> TRUE | X31: =IFERROR(VLOOKUP($B31, aegis!$AA:$AB, 2, FALSE), 0) -> 1 | Y31: =IFERROR(VLOOKUP($B31, duel!$AA:$AB, 2, FALSE), 0) -> 1 | Z31: =IFERROR(VLOOKUP($B31, blitz!$AA:$AB, 2, FALSE), 0) -> 1 | AA31: =AND(X31=Y31, Y31=Z31) -> TRUE | AB31: =IFERROR(VLOOKUP($B31, aegis!$AF:$AG, 2, FALSE), 0) -> 0 | AC31: =IFERROR(VLOOKUP($B31, duel!$AF:$AG, 2, FALSE), 0) -> 0 | AD31: =IFERROR(VLOOKUP($B31, blitz!$AF:$AG, 2, FALSE), 0) -> 0 | AE31: =AND(AB31=AC31, AC31=AD31) -> TRUE | AF31: =IFERROR(VLOOKUP($B31, aegis!$AK:$AL, 2, FALSE), 0) -> 0 | AG31: =IFERROR(VLOOKUP($B31, duel!$AK:$AL, 2, FALSE), 0) -> 0 | AH31: =IFERROR(VLOOKUP($B31, blitz!$AK:$AL, 2, FALSE), 0) -> 0 | AI31: =AND(AF31=AG31, AG31=AH31) -> TRUE | AJ31: =IFERROR(VLOOKUP($B31, aegis!$AP:$AQ, 2, FALSE), 0) -> 1 | AK31: =IFERROR(VLOOKUP($B31, duel!$AP:$AQ, 2, FALSE), 0) -> 1 | AL31: =IFERROR(VLOOKUP($B31, blitz!$AP:$AQ, 2, FALSE), 0) -> 1 | AM31: =AND(AJ31=AK31, AK31=AL31) -> TRUE | AN31: =IFERROR(VLOOKUP($B31, aegis!$AU:$AV, 2, FALSE), 0) -> 0 | AO31: =IFERROR(VLOOKUP($B31, duel!$AU:$AV, 2, FALSE), 0) -> 0 | AP31: =IFERROR(VLOOKUP($B31, blitz!$AU:$AV, 2, FALSE), 0) -> 0 | AQ31: =AND(AN31=AO31, AO31=AP31) -> TRUE | AR31: =IFERROR(VLOOKUP($B31, aegis!$AZ:$BA, 2, FALSE), 0) -> 1 | AS31: =IFERROR(VLOOKUP($B31, duel!$AZ:$BA, 2, FALSE), 0) -> 1 | AT31: =IFERROR(VLOOKUP($B31, blitz!$AZ:$BA, 2, FALSE), 0) -> 1 | AU31: =AND(AR31=AS31, AS31=AT31) -> TRUE | AV31: =IFERROR(VLOOKUP($B31, aegis!$BE:$BF, 2, FALSE), 0) -> 1 | AW31: =IFERROR(VLOOKUP($B31, duel!$BE:$BF, 2, FALSE), 0) -> 1 | AX31: =IFERROR(VLOOKUP($B31, blitz!$BE:$BF, 2, FALSE), 0) -> 1 | AY31: =AND(AV31=AW31, AW31=AX31) -> TRUE | AZ31: =IFERROR(VLOOKUP($B31, aegis!$BJ:$BK, 2, FALSE), 0) -> 0 | BA31: =IFERROR(VLOOKUP($B31, duel!$BJ:$BK, 2, FALSE), 0) -> 0 | BB31: =IFERROR(VLOOKUP($B31, blitz!$BJ:$BK, 2, FALSE), 0) -> 0 | BC31: =AND(AZ31=BA31, BA31=BB31) -> TRUE | BD31: =IFERROR(VLOOKUP($B31, aegis!$BO:$BP, 2, FALSE), 0) -> 0 | BE31: =IFERROR(VLOOKUP($B31, duel!$BO:$BP, 2, FALSE), 0) -> 0 | BF31: =IFERROR(VLOOKUP($B31, blitz!$BO:$BP, 2, FALSE), 0) -> 0 | BG31: =AND(BD31=BE31, BE31=BF31) -> TRUE | BH31: =IFERROR(VLOOKUP($B31, aegis!$BT:$BU, 2, FALSE), 0) -> 0 | BI31: =IFERROR(VLOOKUP($B31, duel!$BT:$BU, 2, FALSE), 0) -> 0 | BJ31: =IFERROR(VLOOKUP($B31, blitz!$BT:$BU, 2, FALSE), 0) -> 0 | BK31: =AND(BH31=BI31, BI31=BJ31) -> TRUE | BL31: =IFERROR(VLOOKUP($B31, aegis!$BY:$BZ, 2, FALSE), 0) -> 0 | BM31: =IFERROR(VLOOKUP($B31, duel!$BY:$BZ, 2, FALSE), 0) -> 0 | BN31: =IFERROR(VLOOKUP($B31, blitz!$BY:$BZ, 2, FALSE), 0) -> 0 | BO31: =AND(BL31=BM31, BM31=BN31) -> TRUE | BP31: =IFERROR(VLOOKUP($B31, aegis!$CD:$CE, 2, FALSE), 0) -> 0 | BQ31: =IFERROR(VLOOKUP($B31, duel!$CD:$CE, 2, FALSE), 0) -> 0 | BR31: =IFERROR(VLOOKUP($B31, blitz!$CD:$CE, 2, FALSE), 0) -> 0 | BS31: =AND(BP31=BQ31, BQ31=BR31) -> TRUE | BT31: =IFERROR(VLOOKUP($B31, aegis!$CI:$CJ, 2, FALSE), 0) -> 0 | BU31: =IFERROR(VLOOKUP($B31, duel!$CI:$CJ, 2, FALSE), 0) -> 0 | BV31: =IFERROR(VLOOKUP($B31, blitz!$CI:$CJ, 2, FALSE), 0) -> 0 | BW31: =AND(BT31=BU31, BU31=BV31) -> TRUE | BX31: =IFERROR(VLOOKUP($B31, aegis!$CN:$CO, 2, FALSE), 0) -> 0 | BY31: =IFERROR(VLOOKUP($B31, duel!$CN:$CO, 2, FALSE), 0) -> 0 | BZ31: =IFERROR(VLOOKUP($B31, blitz!$CN:$CO, 2, FALSE), 0) -> 0 | CA31: =AND(BX31=BY31, BY31=BZ31) -> TRUE | CB31: =IFERROR(VLOOKUP($B31, aegis!$CS:$CT, 2, FALSE), 0) -> 0 | CC31: =IFERROR(VLOOKUP($B31, duel!$CS:$CT, 2, FALSE), 0) -> 0 | CD31: =IFERROR(VLOOKUP($B31, blitz!$CS:$CT, 2, FALSE), 0) -> 0 | CE31: =AND(CB31=CC31, CC31=CD31) -> TRUE | CF31: =IFERROR(VLOOKUP($B31, aegis!$CX:$CY, 2, FALSE), 0) -> 0 | CG31: =IFERROR(VLOOKUP($B31, duel!$CX:$CY, 2, FALSE), 0) -> 0 | CH31: =IFERROR(VLOOKUP($B31, blitz!$CX:$CY, 2, FALSE), 0) -> 0 | CI31: =AND(CF31=CG31, CG31=CH31) -> TRUE | CJ31: =IFERROR(VLOOKUP($B31, aegis!$DC:$DD, 2, FALSE), 0) -> 1 | CK31: =IFERROR(VLOOKUP($B31, duel!$DC:$DD, 2, FALSE), 0) -> 1 | CL31: =IFERROR(VLOOKUP($B31, blitz!$DC:$DD, 2, FALSE), 0) -> 1 | CM31: =AND(CJ31=CK31, CK31=CL31) -> TRUE | CN31: =IFERROR(VLOOKUP($B31, aegis!$DH:$DI, 2, FALSE), 0) -> 0 | CO31: =IFERROR(VLOOKUP($B31, duel!$DH:$DI, 2, FALSE), 0) -> 0 | CP31: =IFERROR(VLOOKUP($B31, blitz!$DH:$DI, 2, FALSE), 0) -> 0 | CQ31: =AND(CN31=CO31) -> TRUE | CR31: =IFERROR(VLOOKUP($B31, aegis!$DM:$DN, 2, FALSE), 0) -> 0 | CS31: =IFERROR(VLOOKUP($B31, duel!$DM:$DN, 2, FALSE), 0) -> 0 | CT31: =IFERROR(VLOOKUP($B31, blitz!$DM:$DN, 2, FALSE), 0) -> 0 | CU31: =AND(CR31=CS31, CS31=CT31) -> TRUE | CV31: =IFERROR(VLOOKUP($B31, aegis!$DR:$DS, 2, FALSE), 0) -> 0 | CW31: =IFERROR(VLOOKUP($B31, duel!$DR:$DS, 2, FALSE), 0) -> 0 | CX31: =IFERROR(VLOOKUP($B31, blitz!$DR:$DS, 2, FALSE), 0) -> 0 | CY31: =AND(CV31=CW31, CW31=CX31) -> TRUE
A32: ○ | B32: 02000025 | C32: =AND(G32,K32,O32,S32,W32,AA32,AE32,AI32,AM32,AQ32,AU32,AY32,BC32,BG32,BK32,BO32,BS32,BW32,CA32,CE32,CI32,CM32,CQ32,CU32,CY32) -> FALSE | D32: =IFERROR(VLOOKUP($B32, aegis!$B:$C, 2, FALSE), 0) -> 60 | E32: =IFERROR(VLOOKUP($B32, duel!$B:$C, 2, FALSE), 0) -> 60 | F32: =IFERROR(VLOOKUP($B32, blitz!$B:$C, 2, FALSE), 0) -> 60 | G32: =AND(D32=E32, E32=F32) -> TRUE | H32: =IFERROR(VLOOKUP($B32, aegis!$G:$H, 2, FALSE), 0) -> 35 | I32: =IFERROR(VLOOKUP($B32, duel!$G:$H, 2, FALSE), 0) -> 35 | J32: =IFERROR(VLOOKUP($B32, blitz!$G:$H, 2, FALSE), 0) -> 35 | K32: =AND(H32=I32, I32=J32) -> TRUE | L32: =IFERROR(VLOOKUP($B32, aegis!$L:$M, 2, FALSE), 0) -> 60 | M32: =IFERROR(VLOOKUP($B32, duel!$L:$M, 2, FALSE), 0) -> 60 | N32: =IFERROR(VLOOKUP($B32, blitz!$L:$M, 2, FALSE), 0) -> 60 | O32: =AND(L32=M32, M32=N32) -> TRUE | P32: =IFERROR(VLOOKUP($B32, aegis!$Q:$R, 2, FALSE), 0) -> 35 | Q32: =IFERROR(VLOOKUP($B32, duel!$Q:$R, 2, FALSE), 0) -> 35 | R32: =IFERROR(VLOOKUP($B32, blitz!$Q:$R, 2, FALSE), 0) -> 35 | S32: =AND(P32=Q32, Q32=R32) -> TRUE | T32: =IFERROR(VLOOKUP($B32, aegis!$V:$W, 2, FALSE), 0) -> 205 | U32: =IFERROR(VLOOKUP($B32, duel!$V:$W, 2, FALSE), 0) -> 205 | V32: =IFERROR(VLOOKUP($B32, blitz!$V:$W, 2, FALSE), 0) -> 205 | W32: =AND(T32=U32, U32=V32) -> TRUE | X32: =IFERROR(VLOOKUP($B32, aegis!$AA:$AB, 2, FALSE), 0) -> 2 | Y32: =IFERROR(VLOOKUP($B32, duel!$AA:$AB, 2, FALSE), 0) -> 4 | Z32: =IFERROR(VLOOKUP($B32, blitz!$AA:$AB, 2, FALSE), 0) -> 2 | AA32: =AND(X32=Y32, Y32=Z32) -> FALSE | AB32: =IFERROR(VLOOKUP($B32, aegis!$AF:$AG, 2, FALSE), 0) -> 66 | AC32: =IFERROR(VLOOKUP($B32, duel!$AF:$AG, 2, FALSE), 0) -> 66 | AD32: =IFERROR(VLOOKUP($B32, blitz!$AF:$AG, 2, FALSE), 0) -> 66 | AE32: =AND(AB32=AC32, AC32=AD32) -> TRUE | AF32: =IFERROR(VLOOKUP($B32, aegis!$AK:$AL, 2, FALSE), 0) -> 3 | AG32: =IFERROR(VLOOKUP($B32, duel!$AK:$AL, 2, FALSE), 0) -> 1 | AH32: =IFERROR(VLOOKUP($B32, blitz!$AK:$AL, 2, FALSE), 0) -> 1 | AI32: =AND(AF32=AG32, AG32=AH32) -> FALSE | AJ32: =IFERROR(VLOOKUP($B32, aegis!$AP:$AQ, 2, FALSE), 0) -> 2 | AK32: =IFERROR(VLOOKUP($B32, duel!$AP:$AQ, 2, FALSE), 0) -> 2 | AL32: =IFERROR(VLOOKUP($B32, blitz!$AP:$AQ, 2, FALSE), 0) -> 2 | AM32: =AND(AJ32=AK32, AK32=AL32) -> TRUE | AN32: =IFERROR(VLOOKUP($B32, aegis!$AU:$AV, 2, FALSE), 0) -> 0 | AO32: =IFERROR(VLOOKUP($B32, duel!$AU:$AV, 2, FALSE), 0) -> 0 | AP32: =IFERROR(VLOOKUP($B32, blitz!$AU:$AV, 2, FALSE), 0) -> 0 | AQ32: =AND(AN32=AO32, AO32=AP32) -> TRUE | AR32: =IFERROR(VLOOKUP($B32, aegis!$AZ:$BA, 2, FALSE), 0) -> 2 | AS32: =IFERROR(VLOOKUP($B32, duel!$AZ:$BA, 2, FALSE), 0) -> 2 | AT32: =IFERROR(VLOOKUP($B32, blitz!$AZ:$BA, 2, FALSE), 0) -> 2 | AU32: =AND(AR32=AS32, AS32=AT32) -> TRUE | AV32: =IFERROR(VLOOKUP($B32, aegis!$BE:$BF, 2, FALSE), 0) -> 2 | AW32: =IFERROR(VLOOKUP($B32, duel!$BE:$BF, 2, FALSE), 0) -> 2 | AX32: =IFERROR(VLOOKUP($B32, blitz!$BE:$BF, 2, FALSE), 0) -> 2 | AY32: =AND(AV32=AW32, AW32=AX32) -> TRUE | AZ32: =IFERROR(VLOOKUP($B32, aegis!$BJ:$BK, 2, FALSE), 0) -> 1 | BA32: =IFERROR(VLOOKUP($B32, duel!$BJ:$BK, 2, FALSE), 0) -> 1 | BB32: =IFERROR(VLOOKUP($B32, blitz!$BJ:$BK, 2, FALSE), 0) -> 1 | BC32: =AND(AZ32=BA32, BA32=BB32) -> TRUE | BD32: =IFERROR(VLOOKUP($B32, aegis!$BO:$BP, 2, FALSE), 0) -> 0 | BE32: =IFERROR(VLOOKUP($B32, duel!$BO:$BP, 2, FALSE), 0) -> 0 | BF32: =IFERROR(VLOOKUP($B32, blitz!$BO:$BP, 2, FALSE), 0) -> 0 | BG32: =AND(BD32=BE32, BE32=BF32) -> TRUE | BH32: =IFERROR(VLOOKUP($B32, aegis!$BT:$BU, 2, FALSE), 0) -> 19 | BI32: =IFERROR(VLOOKUP($B32, duel!$BT:$BU, 2, FALSE), 0) -> 19 | BJ32: =IFERROR(VLOOKUP($B32, blitz!$BT:$BU, 2, FALSE), 0) -> 19 | BK32: =AND(BH32=BI32, BI32=BJ32) -> TRUE | BL32: =IFERROR(VLOOKUP($B32, aegis!$BY:$BZ, 2, FALSE), 0) -> 1 | BM32: =IFERROR(VLOOKUP($B32, duel!$BY:$BZ, 2, FALSE), 0) -> 1 | BN32: =IFERROR(VLOOKUP($B32, blitz!$BY:$BZ, 2, FALSE), 0) -> 1 | BO32: =AND(BL32=BM32, BM32=BN32) -> TRUE | BP32: =IFERROR(VLOOKUP($B32, aegis!$CD:$CE, 2, FALSE), 0) -> 7 | BQ32: =IFERROR(VLOOKUP($B32, duel!$CD:$CE, 2, FALSE), 0) -> 7 | BR32: =IFERROR(VLOOKUP($B32, blitz!$CD:$CE, 2, FALSE), 0) -> 7 | BS32: =AND(BP32=BQ32, BQ32=BR32) -> TRUE | BT32: =IFERROR(VLOOKUP($B32, aegis!$CI:$CJ, 2, FALSE), 0) -> 0 | BU32: =IFERROR(VLOOKUP($B32, duel!$CI:$CJ, 2, FALSE), 0) -> 0 | BV32: =IFERROR(VLOOKUP($B32, blitz!$CI:$CJ, 2, FALSE), 0) -> 0 | BW32: =AND(BT32=BU32, BU32=BV32) -> TRUE | BX32: =IFERROR(VLOOKUP($B32, aegis!$CN:$CO, 2, FALSE), 0) -> 0 | BY32: =IFERROR(VLOOKUP($B32, duel!$CN:$CO, 2, FALSE), 0) -> 0 | BZ32: =IFERROR(VLOOKUP($B32, blitz!$CN:$CO, 2, FALSE), 0) -> 0 | CA32: =AND(BX32=BY32, BY32=BZ32) -> TRUE | CB32: =IFERROR(VLOOKUP($B32, aegis!$CS:$CT, 2, FALSE), 0) -> 0 | CC32: =IFERROR(VLOOKUP($B32, duel!$CS:$CT, 2, FALSE), 0) -> 0 | CD32: =IFERROR(VLOOKUP($B32, blitz!$CS:$CT, 2, FALSE), 0) -> 0 | CE32: =AND(CB32=CC32, CC32=CD32) -> TRUE | CF32: =IFERROR(VLOOKUP($B32, aegis!$CX:$CY, 2, FALSE), 0) -> 13812 | CG32: =IFERROR(VLOOKUP($B32, duel!$CX:$CY, 2, FALSE), 0) -> 13789 | CH32: =IFERROR(VLOOKUP($B32, blitz!$CX:$CY, 2, FALSE), 0) -> 2939 | CI32: =AND(CF32=CG32, CG32=CH32) -> FALSE | CJ32: =IFERROR(VLOOKUP($B32, aegis!$DC:$DD, 2, FALSE), 0) -> 1 | CK32: =IFERROR(VLOOKUP($B32, duel!$DC:$DD, 2, FALSE), 0) -> 1 | CL32: =IFERROR(VLOOKUP($B32, blitz!$DC:$DD, 2, FALSE), 0) -> 1 | CM32: =AND(CJ32=CK32, CK32=CL32) -> TRUE | CN32: =IFERROR(VLOOKUP($B32, aegis!$DH:$DI, 2, FALSE), 0) -> 4 | CO32: =IFERROR(VLOOKUP($B32, duel!$DH:$DI, 2, FALSE), 0) -> 4 | CP32: =IFERROR(VLOOKUP($B32, blitz!$DH:$DI, 2, FALSE), 0) -> 0 | CQ32: =AND(CN32=CO32) -> TRUE | CR32: =IFERROR(VLOOKUP($B32, aegis!$DM:$DN, 2, FALSE), 0) -> 1 | CS32: =IFERROR(VLOOKUP($B32, duel!$DM:$DN, 2, FALSE), 0) -> 1 | CT32: =IFERROR(VLOOKUP($B32, blitz!$DM:$DN, 2, FALSE), 0) -> 1 | CU32: =AND(CR32=CS32, CS32=CT32) -> TRUE | CV32: =IFERROR(VLOOKUP($B32, aegis!$DR:$DS, 2, FALSE), 0) -> 65 | CW32: =IFERROR(VLOOKUP($B32, duel!$DR:$DS, 2, FALSE), 0) -> 65 | CX32: =IFERROR(VLOOKUP($B32, blitz!$DR:$DS, 2, FALSE), 0) -> 65 | CY32: =AND(CV32=CW32, CW32=CX32) -> TRUE
A33: ○ | B33: 02000026 | C33: =AND(G33,K33,O33,S33,W33,AA33,AE33,AI33,AM33,AQ33,AU33,AY33,BC33,BG33,BK33,BO33,BS33,BW33,CA33,CE33,CI33,CM33,CQ33,CU33,CY33) -> FALSE | D33: =IFERROR(VLOOKUP($B33, aegis!$B:$C, 2, FALSE), 0) -> 228 | E33: =IFERROR(VLOOKUP($B33, duel!$B:$C, 2, FALSE), 0) -> 228 | F33: =IFERROR(VLOOKUP($B33, blitz!$B:$C, 2, FALSE), 0) -> 228 | G33: =AND(D33=E33, E33=F33) -> TRUE | H33: =IFERROR(VLOOKUP($B33, aegis!$G:$H, 2, FALSE), 0) -> 133 | I33: =IFERROR(VLOOKUP($B33, duel!$G:$H, 2, FALSE), 0) -> 133 | J33: =IFERROR(VLOOKUP($B33, blitz!$G:$H, 2, FALSE), 0) -> 133 | K33: =AND(H33=I33, I33=J33) -> TRUE | L33: =IFERROR(VLOOKUP($B33, aegis!$L:$M, 2, FALSE), 0) -> 240 | M33: =IFERROR(VLOOKUP($B33, duel!$L:$M, 2, FALSE), 0) -> 240 | N33: =IFERROR(VLOOKUP($B33, blitz!$L:$M, 2, FALSE), 0) -> 240 | O33: =AND(L33=M33, M33=N33) -> TRUE | P33: =IFERROR(VLOOKUP($B33, aegis!$Q:$R, 2, FALSE), 0) -> 140 | Q33: =IFERROR(VLOOKUP($B33, duel!$Q:$R, 2, FALSE), 0) -> 140 | R33: =IFERROR(VLOOKUP($B33, blitz!$Q:$R, 2, FALSE), 0) -> 140 | S33: =AND(P33=Q33, Q33=R33) -> TRUE | T33: =IFERROR(VLOOKUP($B33, aegis!$V:$W, 2, FALSE), 0) -> 3909 | U33: =IFERROR(VLOOKUP($B33, duel!$V:$W, 2, FALSE), 0) -> 3909 | V33: =IFERROR(VLOOKUP($B33, blitz!$V:$W, 2, FALSE), 0) -> 3909 | W33: =AND(T33=U33, U33=V33) -> TRUE | X33: =IFERROR(VLOOKUP($B33, aegis!$AA:$AB, 2, FALSE), 0) -> 5 | Y33: =IFERROR(VLOOKUP($B33, duel!$AA:$AB, 2, FALSE), 0) -> 10 | Z33: =IFERROR(VLOOKUP($B33, blitz!$AA:$AB, 2, FALSE), 0) -> 5 | AA33: =AND(X33=Y33, Y33=Z33) -> FALSE | AB33: =IFERROR(VLOOKUP($B33, aegis!$AF:$AG, 2, FALSE), 0) -> 924 | AC33: =IFERROR(VLOOKUP($B33, duel!$AF:$AG, 2, FALSE), 0) -> 924 | AD33: =IFERROR(VLOOKUP($B33, blitz!$AF:$AG, 2, FALSE), 0) -> 924 | AE33: =AND(AB33=AC33, AC33=AD33) -> TRUE | AF33: =IFERROR(VLOOKUP($B33, aegis!$AK:$AL, 2, FALSE), 0) -> 6 | AG33: =IFERROR(VLOOKUP($B33, duel!$AK:$AL, 2, FALSE), 0) -> 1 | AH33: =IFERROR(VLOOKUP($B33, blitz!$AK:$AL, 2, FALSE), 0) -> 1 | AI33: =AND(AF33=AG33, AG33=AH33) -> FALSE | AJ33: =IFERROR(VLOOKUP($B33, aegis!$AP:$AQ, 2, FALSE), 0) -> 5 | AK33: =IFERROR(VLOOKUP($B33, duel!$AP:$AQ, 2, FALSE), 0) -> 5 | AL33: =IFERROR(VLOOKUP($B33, blitz!$AP:$AQ, 2, FALSE), 0) -> 5 | AM33: =AND(AJ33=AK33, AK33=AL33) -> TRUE | AN33: =IFERROR(VLOOKUP($B33, aegis!$AU:$AV, 2, FALSE), 0) -> 0 | AO33: =IFERROR(VLOOKUP($B33, duel!$AU:$AV, 2, FALSE), 0) -> 0 | AP33: =IFERROR(VLOOKUP($B33, blitz!$AU:$AV, 2, FALSE), 0) -> 0 | AQ33: =AND(AN33=AO33, AO33=AP33) -> TRUE | AR33: =IFERROR(VLOOKUP($B33, aegis!$AZ:$BA, 2, FALSE), 0) -> 5 | AS33: =IFERROR(VLOOKUP($B33, duel!$AZ:$BA, 2, FALSE), 0) -> 5 | AT33: =IFERROR(VLOOKUP($B33, blitz!$AZ:$BA, 2, FALSE), 0) -> 5 | AU33: =AND(AR33=AS33, AS33=AT33) -> TRUE | AV33: =IFERROR(VLOOKUP($B33, aegis!$BE:$BF, 2, FALSE), 0) -> 5 | AW33: =IFERROR(VLOOKUP($B33, duel!$BE:$BF, 2, FALSE), 0) -> 5 | AX33: =IFERROR(VLOOKUP($B33, blitz!$BE:$BF, 2, FALSE), 0) -> 5 | AY33: =AND(AV33=AW33, AW33=AX33) -> TRUE | AZ33: =IFERROR(VLOOKUP($B33, aegis!$BJ:$BK, 2, FALSE), 0) -> 1 | BA33: =IFERROR(VLOOKUP($B33, duel!$BJ:$BK, 2, FALSE), 0) -> 1 | BB33: =IFERROR(VLOOKUP($B33, blitz!$BJ:$BK, 2, FALSE), 0) -> 1 | BC33: =AND(AZ33=BA33, BA33=BB33) -> TRUE | BD33: =IFERROR(VLOOKUP($B33, aegis!$BO:$BP, 2, FALSE), 0) -> 0 | BE33: =IFERROR(VLOOKUP($B33, duel!$BO:$BP, 2, FALSE), 0) -> 0 | BF33: =IFERROR(VLOOKUP($B33, blitz!$BO:$BP, 2, FALSE), 0) -> 0 | BG33: =AND(BD33=BE33, BE33=BF33) -> TRUE | BH33: =IFERROR(VLOOKUP($B33, aegis!$BT:$BU, 2, FALSE), 0) -> 277 | BI33: =IFERROR(VLOOKUP($B33, duel!$BT:$BU, 2, FALSE), 0) -> 277 | BJ33: =IFERROR(VLOOKUP($B33, blitz!$BT:$BU, 2, FALSE), 0) -> 277 | BK33: =AND(BH33=BI33, BI33=BJ33) -> TRUE | BL33: =IFERROR(VLOOKUP($B33, aegis!$BY:$BZ, 2, FALSE), 0) -> 3 | BM33: =IFERROR(VLOOKUP($B33, duel!$BY:$BZ, 2, FALSE), 0) -> 3 | BN33: =IFERROR(VLOOKUP($B33, blitz!$BY:$BZ, 2, FALSE), 0) -> 3 | BO33: =AND(BL33=BM33, BM33=BN33) -> TRUE | BP33: =IFERROR(VLOOKUP($B33, aegis!$CD:$CE, 2, FALSE), 0) -> 17 | BQ33: =IFERROR(VLOOKUP($B33, duel!$CD:$CE, 2, FALSE), 0) -> 17 | BR33: =IFERROR(VLOOKUP($B33, blitz!$CD:$CE, 2, FALSE), 0) -> 17 | BS33: =AND(BP33=BQ33, BQ33=BR33) -> TRUE | BT33: =IFERROR(VLOOKUP($B33, aegis!$CI:$CJ, 2, FALSE), 0) -> 4 | BU33: =IFERROR(VLOOKUP($B33, duel!$CI:$CJ, 2, FALSE), 0) -> 4 | BV33: =IFERROR(VLOOKUP($B33, blitz!$CI:$CJ, 2, FALSE), 0) -> 4 | BW33: =AND(BT33=BU33, BU33=BV33) -> TRUE | BX33: =IFERROR(VLOOKUP($B33, aegis!$CN:$CO, 2, FALSE), 0) -> 4 | BY33: =IFERROR(VLOOKUP($B33, duel!$CN:$CO, 2, FALSE), 0) -> 4 | BZ33: =IFERROR(VLOOKUP($B33, blitz!$CN:$CO, 2, FALSE), 0) -> 4 | CA33: =AND(BX33=BY33, BY33=BZ33) -> TRUE | CB33: =IFERROR(VLOOKUP($B33, aegis!$CS:$CT, 2, FALSE), 0) -> 22 | CC33: =IFERROR(VLOOKUP($B33, duel!$CS:$CT, 2, FALSE), 0) -> 22 | CD33: =IFERROR(VLOOKUP($B33, blitz!$CS:$CT, 2, FALSE), 0) -> 22 | CE33: =AND(CB33=CC33, CC33=CD33) -> TRUE | CF33: =IFERROR(VLOOKUP($B33, aegis!$CX:$CY, 2, FALSE), 0) -> 147632 | CG33: =IFERROR(VLOOKUP($B33, duel!$CX:$CY, 2, FALSE), 0) -> 147606 | CH33: =IFERROR(VLOOKUP($B33, blitz!$CX:$CY, 2, FALSE), 0) -> 28523 | CI33: =AND(CF33=CG33, CG33=CH33) -> FALSE | CJ33: =IFERROR(VLOOKUP($B33, aegis!$DC:$DD, 2, FALSE), 0) -> 1 | CK33: =IFERROR(VLOOKUP($B33, duel!$DC:$DD, 2, FALSE), 0) -> 1 | CL33: =IFERROR(VLOOKUP($B33, blitz!$DC:$DD, 2, FALSE), 0) -> 1 | CM33: =AND(CJ33=CK33, CK33=CL33) -> TRUE | CN33: =IFERROR(VLOOKUP($B33, aegis!$DH:$DI, 2, FALSE), 0) -> 8 | CO33: =IFERROR(VLOOKUP($B33, duel!$DH:$DI, 2, FALSE), 0) -> 8 | CP33: =IFERROR(VLOOKUP($B33, blitz!$DH:$DI, 2, FALSE), 0) -> 0 | CQ33: =AND(CN33=CO33) -> TRUE | CR33: =IFERROR(VLOOKUP($B33, aegis!$DM:$DN, 2, FALSE), 0) -> 4 | CS33: =IFERROR(VLOOKUP($B33, duel!$DM:$DN, 2, FALSE), 0) -> 4 | CT33: =IFERROR(VLOOKUP($B33, blitz!$DM:$DN, 2, FALSE), 0) -> 4 | CU33: =AND(CR33=CS33, CS33=CT33) -> TRUE | CV33: =IFERROR(VLOOKUP($B33, aegis!$DR:$DS, 2, FALSE), 0) -> 924 | CW33: =IFERROR(VLOOKUP($B33, duel!$DR:$DS, 2, FALSE), 0) -> 924 | CX33: =IFERROR(VLOOKUP($B33, blitz!$DR:$DS, 2, FALSE), 0) -> 924 | CY33: =AND(CV33=CW33, CW33=CX33) -> TRUE
A34: ○ | B34: 02000027 | C34: =AND(G34,K34,O34,S34,W34,AA34,AE34,AI34,AM34,AQ34,AU34,AY34,BC34,BG34,BK34,BO34,BS34,BW34,CA34,CE34,CI34,CM34,CQ34,CU34,CY34) -> FALSE | D34: =IFERROR(VLOOKUP($B34, aegis!$B:$C, 2, FALSE), 0) -> 48 | E34: =IFERROR(VLOOKUP($B34, duel!$B:$C, 2, FALSE), 0) -> 48 | F34: =IFERROR(VLOOKUP($B34, blitz!$B:$C, 2, FALSE), 0) -> 48 | G34: =AND(D34=E34, E34=F34) -> TRUE | H34: =IFERROR(VLOOKUP($B34, aegis!$G:$H, 2, FALSE), 0) -> 28 | I34: =IFERROR(VLOOKUP($B34, duel!$G:$H, 2, FALSE), 0) -> 28 | J34: =IFERROR(VLOOKUP($B34, blitz!$G:$H, 2, FALSE), 0) -> 28 | K34: =AND(H34=I34, I34=J34) -> TRUE | L34: =IFERROR(VLOOKUP($B34, aegis!$L:$M, 2, FALSE), 0) -> 60 | M34: =IFERROR(VLOOKUP($B34, duel!$L:$M, 2, FALSE), 0) -> 60 | N34: =IFERROR(VLOOKUP($B34, blitz!$L:$M, 2, FALSE), 0) -> 60 | O34: =AND(L34=M34, M34=N34) -> TRUE | P34: =IFERROR(VLOOKUP($B34, aegis!$Q:$R, 2, FALSE), 0) -> 35 | Q34: =IFERROR(VLOOKUP($B34, duel!$Q:$R, 2, FALSE), 0) -> 35 | R34: =IFERROR(VLOOKUP($B34, blitz!$Q:$R, 2, FALSE), 0) -> 35 | S34: =AND(P34=Q34, Q34=R34) -> TRUE | T34: =IFERROR(VLOOKUP($B34, aegis!$V:$W, 2, FALSE), 0) -> 279 | U34: =IFERROR(VLOOKUP($B34, duel!$V:$W, 2, FALSE), 0) -> 279 | V34: =IFERROR(VLOOKUP($B34, blitz!$V:$W, 2, FALSE), 0) -> 279 | W34: =AND(T34=U34, U34=V34) -> TRUE | X34: =IFERROR(VLOOKUP($B34, aegis!$AA:$AB, 2, FALSE), 0) -> 2 | Y34: =IFERROR(VLOOKUP($B34, duel!$AA:$AB, 2, FALSE), 0) -> 4 | Z34: =IFERROR(VLOOKUP($B34, blitz!$AA:$AB, 2, FALSE), 0) -> 2 | AA34: =AND(X34=Y34, Y34=Z34) -> FALSE | AB34: =IFERROR(VLOOKUP($B34, aegis!$AF:$AG, 2, FALSE), 0) -> 96 | AC34: =IFERROR(VLOOKUP($B34, duel!$AF:$AG, 2, FALSE), 0) -> 96 | AD34: =IFERROR(VLOOKUP($B34, blitz!$AF:$AG, 2, FALSE), 0) -> 96 | AE34: =AND(AB34=AC34, AC34=AD34) -> TRUE | AF34: =IFERROR(VLOOKUP($B34, aegis!$AK:$AL, 2, FALSE), 0) -> 3 | AG34: =IFERROR(VLOOKUP($B34, duel!$AK:$AL, 2, FALSE), 0) -> 1 | AH34: =IFERROR(VLOOKUP($B34, blitz!$AK:$AL, 2, FALSE), 0) -> 1 | AI34: =AND(AF34=AG34, AG34=AH34) -> FALSE | AJ34: =IFERROR(VLOOKUP($B34, aegis!$AP:$AQ, 2, FALSE), 0) -> 2 | AK34: =IFERROR(VLOOKUP($B34, duel!$AP:$AQ, 2, FALSE), 0) -> 2 | AL34: =IFERROR(VLOOKUP($B34, blitz!$AP:$AQ, 2, FALSE), 0) -> 2 | AM34: =AND(AJ34=AK34, AK34=AL34) -> TRUE | AN34: =IFERROR(VLOOKUP($B34, aegis!$AU:$AV, 2, FALSE), 0) -> 0 | AO34: =IFERROR(VLOOKUP($B34, duel!$AU:$AV, 2, FALSE), 0) -> 0 | AP34: =IFERROR(VLOOKUP($B34, blitz!$AU:$AV, 2, FALSE), 0) -> 0 | AQ34: =AND(AN34=AO34, AO34=AP34) -> TRUE | AR34: =IFERROR(VLOOKUP($B34, aegis!$AZ:$BA, 2, FALSE), 0) -> 2 | AS34: =IFERROR(VLOOKUP($B34, duel!$AZ:$BA, 2, FALSE), 0) -> 2 | AT34: =IFERROR(VLOOKUP($B34, blitz!$AZ:$BA, 2, FALSE), 0) -> 2 | AU34: =AND(AR34=AS34, AS34=AT34) -> TRUE | AV34: =IFERROR(VLOOKUP($B34, aegis!$BE:$BF, 2, FALSE), 0) -> 2 | AW34: =IFERROR(VLOOKUP($B34, duel!$BE:$BF, 2, FALSE), 0) -> 2 | AX34: =IFERROR(VLOOKUP($B34, blitz!$BE:$BF, 2, FALSE), 0) -> 2 | AY34: =AND(AV34=AW34, AW34=AX34) -> TRUE | AZ34: =IFERROR(VLOOKUP($B34, aegis!$BJ:$BK, 2, FALSE), 0) -> 1 | BA34: =IFERROR(VLOOKUP($B34, duel!$BJ:$BK, 2, FALSE), 0) -> 1 | BB34: =IFERROR(VLOOKUP($B34, blitz!$BJ:$BK, 2, FALSE), 0) -> 1 | BC34: =AND(AZ34=BA34, BA34=BB34) -> TRUE | BD34: =IFERROR(VLOOKUP($B34, aegis!$BO:$BP, 2, FALSE), 0) -> 0 | BE34: =IFERROR(VLOOKUP($B34, duel!$BO:$BP, 2, FALSE), 0) -> 0 | BF34: =IFERROR(VLOOKUP($B34, blitz!$BO:$BP, 2, FALSE), 0) -> 0 | BG34: =AND(BD34=BE34, BE34=BF34) -> TRUE | BH34: =IFERROR(VLOOKUP($B34, aegis!$BT:$BU, 2, FALSE), 0) -> 45 | BI34: =IFERROR(VLOOKUP($B34, duel!$BT:$BU, 2, FALSE), 0) -> 45 | BJ34: =IFERROR(VLOOKUP($B34, blitz!$BT:$BU, 2, FALSE), 0) -> 45 | BK34: =AND(BH34=BI34, BI34=BJ34) -> TRUE | BL34: =IFERROR(VLOOKUP($B34, aegis!$BY:$BZ, 2, FALSE), 0) -> 1 | BM34: =IFERROR(VLOOKUP($B34, duel!$BY:$BZ, 2, FALSE), 0) -> 1 | BN34: =IFERROR(VLOOKUP($B34, blitz!$BY:$BZ, 2, FALSE), 0) -> 1 | BO34: =AND(BL34=BM34, BM34=BN34) -> TRUE | BP34: =IFERROR(VLOOKUP($B34, aegis!$CD:$CE, 2, FALSE), 0) -> 5 | BQ34: =IFERROR(VLOOKUP($B34, duel!$CD:$CE, 2, FALSE), 0) -> 5 | BR34: =IFERROR(VLOOKUP($B34, blitz!$CD:$CE, 2, FALSE), 0) -> 5 | BS34: =AND(BP34=BQ34, BQ34=BR34) -> TRUE | BT34: =IFERROR(VLOOKUP($B34, aegis!$CI:$CJ, 2, FALSE), 0) -> 4 | BU34: =IFERROR(VLOOKUP($B34, duel!$CI:$CJ, 2, FALSE), 0) -> 4 | BV34: =IFERROR(VLOOKUP($B34, blitz!$CI:$CJ, 2, FALSE), 0) -> 4 | BW34: =AND(BT34=BU34, BU34=BV34) -> TRUE | BX34: =IFERROR(VLOOKUP($B34, aegis!$CN:$CO, 2, FALSE), 0) -> 4 | BY34: =IFERROR(VLOOKUP($B34, duel!$CN:$CO, 2, FALSE), 0) -> 4 | BZ34: =IFERROR(VLOOKUP($B34, blitz!$CN:$CO, 2, FALSE), 0) -> 4 | CA34: =AND(BX34=BY34, BY34=BZ34) -> TRUE | CB34: =IFERROR(VLOOKUP($B34, aegis!$CS:$CT, 2, FALSE), 0) -> 17 | CC34: =IFERROR(VLOOKUP($B34, duel!$CS:$CT, 2, FALSE), 0) -> 17 | CD34: =IFERROR(VLOOKUP($B34, blitz!$CS:$CT, 2, FALSE), 0) -> 17 | CE34: =AND(CB34=CC34, CC34=CD34) -> TRUE | CF34: =IFERROR(VLOOKUP($B34, aegis!$CX:$CY, 2, FALSE), 0) -> 33694 | CG34: =IFERROR(VLOOKUP($B34, duel!$CX:$CY, 2, FALSE), 0) -> 33682 | CH34: =IFERROR(VLOOKUP($B34, blitz!$CX:$CY, 2, FALSE), 0) -> 6309 | CI34: =AND(CF34=CG34, CG34=CH34) -> FALSE | CJ34: =IFERROR(VLOOKUP($B34, aegis!$DC:$DD, 2, FALSE), 0) -> 1 | CK34: =IFERROR(VLOOKUP($B34, duel!$DC:$DD, 2, FALSE), 0) -> 1 | CL34: =IFERROR(VLOOKUP($B34, blitz!$DC:$DD, 2, FALSE), 0) -> 1 | CM34: =AND(CJ34=CK34, CK34=CL34) -> TRUE | CN34: =IFERROR(VLOOKUP($B34, aegis!$DH:$DI, 2, FALSE), 0) -> 4 | CO34: =IFERROR(VLOOKUP($B34, duel!$DH:$DI, 2, FALSE), 0) -> 4 | CP34: =IFERROR(VLOOKUP($B34, blitz!$DH:$DI, 2, FALSE), 0) -> 0 | CQ34: =AND(CN34=CO34) -> TRUE | CR34: =IFERROR(VLOOKUP($B34, aegis!$DM:$DN, 2, FALSE), 0) -> 1 | CS34: =IFERROR(VLOOKUP($B34, duel!$DM:$DN, 2, FALSE), 0) -> 1 | CT34: =IFERROR(VLOOKUP($B34, blitz!$DM:$DN, 2, FALSE), 0) -> 1 | CU34: =AND(CR34=CS34, CS34=CT34) -> TRUE | CV34: =IFERROR(VLOOKUP($B34, aegis!$DR:$DS, 2, FALSE), 0) -> 96 | CW34: =IFERROR(VLOOKUP($B34, duel!$DR:$DS, 2, FALSE), 0) -> 96 | CX34: =IFERROR(VLOOKUP($B34, blitz!$DR:$DS, 2, FALSE), 0) -> 96 | CY34: =AND(CV34=CW34, CW34=CX34) -> TRUE
A35: ○ | B35: 02000028 | C35: =AND(G35,K35,O35,S35,W35,AA35,AE35,AI35,AM35,AQ35,AU35,AY35,BC35,BG35,BK35,BO35,BS35,BW35,CA35,CE35,CI35,CM35,CQ35,CU35,CY35) -> FALSE | D35: =IFERROR(VLOOKUP($B35, aegis!$B:$C, 2, FALSE), 0) -> 60 | E35: =IFERROR(VLOOKUP($B35, duel!$B:$C, 2, FALSE), 0) -> 60 | F35: =IFERROR(VLOOKUP($B35, blitz!$B:$C, 2, FALSE), 0) -> 60 | G35: =AND(D35=E35, E35=F35) -> TRUE | H35: =IFERROR(VLOOKUP($B35, aegis!$G:$H, 2, FALSE), 0) -> 35 | I35: =IFERROR(VLOOKUP($B35, duel!$G:$H, 2, FALSE), 0) -> 35 | J35: =IFERROR(VLOOKUP($B35, blitz!$G:$H, 2, FALSE), 0) -> 35 | K35: =AND(H35=I35, I35=J35) -> TRUE | L35: =IFERROR(VLOOKUP($B35, aegis!$L:$M, 2, FALSE), 0) -> 60 | M35: =IFERROR(VLOOKUP($B35, duel!$L:$M, 2, FALSE), 0) -> 60 | N35: =IFERROR(VLOOKUP($B35, blitz!$L:$M, 2, FALSE), 0) -> 60 | O35: =AND(L35=M35, M35=N35) -> TRUE | P35: =IFERROR(VLOOKUP($B35, aegis!$Q:$R, 2, FALSE), 0) -> 35 | Q35: =IFERROR(VLOOKUP($B35, duel!$Q:$R, 2, FALSE), 0) -> 35 | R35: =IFERROR(VLOOKUP($B35, blitz!$Q:$R, 2, FALSE), 0) -> 35 | S35: =AND(P35=Q35, Q35=R35) -> TRUE | T35: =IFERROR(VLOOKUP($B35, aegis!$V:$W, 2, FALSE), 0) -> 297 | U35: =IFERROR(VLOOKUP($B35, duel!$V:$W, 2, FALSE), 0) -> 297 | V35: =IFERROR(VLOOKUP($B35, blitz!$V:$W, 2, FALSE), 0) -> 297 | W35: =AND(T35=U35, U35=V35) -> TRUE | X35: =IFERROR(VLOOKUP($B35, aegis!$AA:$AB, 2, FALSE), 0) -> 2 | Y35: =IFERROR(VLOOKUP($B35, duel!$AA:$AB, 2, FALSE), 0) -> 4 | Z35: =IFERROR(VLOOKUP($B35, blitz!$AA:$AB, 2, FALSE), 0) -> 2 | AA35: =AND(X35=Y35, Y35=Z35) -> FALSE | AB35: =IFERROR(VLOOKUP($B35, aegis!$AF:$AG, 2, FALSE), 0) -> 88 | AC35: =IFERROR(VLOOKUP($B35, duel!$AF:$AG, 2, FALSE), 0) -> 88 | AD35: =IFERROR(VLOOKUP($B35, blitz!$AF:$AG, 2, FALSE), 0) -> 88 | AE35: =AND(AB35=AC35, AC35=AD35) -> TRUE | AF35: =IFERROR(VLOOKUP($B35, aegis!$AK:$AL, 2, FALSE), 0) -> 3 | AG35: =IFERROR(VLOOKUP($B35, duel!$AK:$AL, 2, FALSE), 0) -> 1 | AH35: =IFERROR(VLOOKUP($B35, blitz!$AK:$AL, 2, FALSE), 0) -> 1 | AI35: =AND(AF35=AG35, AG35=AH35) -> FALSE | AJ35: =IFERROR(VLOOKUP($B35, aegis!$AP:$AQ, 2, FALSE), 0) -> 2 | AK35: =IFERROR(VLOOKUP($B35, duel!$AP:$AQ, 2, FALSE), 0) -> 2 | AL35: =IFERROR(VLOOKUP($B35, blitz!$AP:$AQ, 2, FALSE), 0) -> 2 | AM35: =AND(AJ35=AK35, AK35=AL35) -> TRUE | AN35: =IFERROR(VLOOKUP($B35, aegis!$AU:$AV, 2, FALSE), 0) -> 0 | AO35: =IFERROR(VLOOKUP($B35, duel!$AU:$AV, 2, FALSE), 0) -> 0 | AP35: =IFERROR(VLOOKUP($B35, blitz!$AU:$AV, 2, FALSE), 0) -> 0 | AQ35: =AND(AN35=AO35, AO35=AP35) -> TRUE | AR35: =IFERROR(VLOOKUP($B35, aegis!$AZ:$BA, 2, FALSE), 0) -> 2 | AS35: =IFERROR(VLOOKUP($B35, duel!$AZ:$BA, 2, FALSE), 0) -> 2 | AT35: =IFERROR(VLOOKUP($B35, blitz!$AZ:$BA, 2, FALSE), 0) -> 2 | AU35: =AND(AR35=AS35, AS35=AT35) -> TRUE | AV35: =IFERROR(VLOOKUP($B35, aegis!$BE:$BF, 2, FALSE), 0) -> 3 | AW35: =IFERROR(VLOOKUP($B35, duel!$BE:$BF, 2, FALSE), 0) -> 3 | AX35: =IFERROR(VLOOKUP($B35, blitz!$BE:$BF, 2, FALSE), 0) -> 3 | AY35: =AND(AV35=AW35, AW35=AX35) -> TRUE | AZ35: =IFERROR(VLOOKUP($B35, aegis!$BJ:$BK, 2, FALSE), 0) -> 1 | BA35: =IFERROR(VLOOKUP($B35, duel!$BJ:$BK, 2, FALSE), 0) -> 1 | BB35: =IFERROR(VLOOKUP($B35, blitz!$BJ:$BK, 2, FALSE), 0) -> 1 | BC35: =AND(AZ35=BA35, BA35=BB35) -> TRUE | BD35: =IFERROR(VLOOKUP($B35, aegis!$BO:$BP, 2, FALSE), 0) -> 0 | BE35: =IFERROR(VLOOKUP($B35, duel!$BO:$BP, 2, FALSE), 0) -> 0 | BF35: =IFERROR(VLOOKUP($B35, blitz!$BO:$BP, 2, FALSE), 0) -> 0 | BG35: =AND(BD35=BE35, BE35=BF35) -> TRUE | BH35: =IFERROR(VLOOKUP($B35, aegis!$BT:$BU, 2, FALSE), 0) -> 32 | BI35: =IFERROR(VLOOKUP($B35, duel!$BT:$BU, 2, FALSE), 0) -> 32 | BJ35: =IFERROR(VLOOKUP($B35, blitz!$BT:$BU, 2, FALSE), 0) -> 32 | BK35: =AND(BH35=BI35, BI35=BJ35) -> TRUE | BL35: =IFERROR(VLOOKUP($B35, aegis!$BY:$BZ, 2, FALSE), 0) -> 1 | BM35: =IFERROR(VLOOKUP($B35, duel!$BY:$BZ, 2, FALSE), 0) -> 1 | BN35: =IFERROR(VLOOKUP($B35, blitz!$BY:$BZ, 2, FALSE), 0) -> 1 | BO35: =AND(BL35=BM35, BM35=BN35) -> TRUE | BP35: =IFERROR(VLOOKUP($B35, aegis!$CD:$CE, 2, FALSE), 0) -> 7 | BQ35: =IFERROR(VLOOKUP($B35, duel!$CD:$CE, 2, FALSE), 0) -> 7 | BR35: =IFERROR(VLOOKUP($B35, blitz!$CD:$CE, 2, FALSE), 0) -> 7 | BS35: =AND(BP35=BQ35, BQ35=BR35) -> TRUE | BT35: =IFERROR(VLOOKUP($B35, aegis!$CI:$CJ, 2, FALSE), 0) -> 0 | BU35: =IFERROR(VLOOKUP($B35, duel!$CI:$CJ, 2, FALSE), 0) -> 0 | BV35: =IFERROR(VLOOKUP($B35, blitz!$CI:$CJ, 2, FALSE), 0) -> 0 | BW35: =AND(BT35=BU35, BU35=BV35) -> TRUE | BX35: =IFERROR(VLOOKUP($B35, aegis!$CN:$CO, 2, FALSE), 0) -> 0 | BY35: =IFERROR(VLOOKUP($B35, duel!$CN:$CO, 2, FALSE), 0) -> 0 | BZ35: =IFERROR(VLOOKUP($B35, blitz!$CN:$CO, 2, FALSE), 0) -> 0 | CA35: =AND(BX35=BY35, BY35=BZ35) -> TRUE | CB35: =IFERROR(VLOOKUP($B35, aegis!$CS:$CT, 2, FALSE), 0) -> 0 | CC35: =IFERROR(VLOOKUP($B35, duel!$CS:$CT, 2, FALSE), 0) -> 0 | CD35: =IFERROR(VLOOKUP($B35, blitz!$CS:$CT, 2, FALSE), 0) -> 0 | CE35: =AND(CB35=CC35, CC35=CD35) -> TRUE | CF35: =IFERROR(VLOOKUP($B35, aegis!$CX:$CY, 2, FALSE), 0) -> 25715 | CG35: =IFERROR(VLOOKUP($B35, duel!$CX:$CY, 2, FALSE), 0) -> 25709 | CH35: =IFERROR(VLOOKUP($B35, blitz!$CX:$CY, 2, FALSE), 0) -> 5803 | CI35: =AND(CF35=CG35, CG35=CH35) -> FALSE | CJ35: =IFERROR(VLOOKUP($B35, aegis!$DC:$DD, 2, FALSE), 0) -> 1 | CK35: =IFERROR(VLOOKUP($B35, duel!$DC:$DD, 2, FALSE), 0) -> 1 | CL35: =IFERROR(VLOOKUP($B35, blitz!$DC:$DD, 2, FALSE), 0) -> 1 | CM35: =AND(CJ35=CK35, CK35=CL35) -> TRUE | CN35: =IFERROR(VLOOKUP($B35, aegis!$DH:$DI, 2, FALSE), 0) -> 4 | CO35: =IFERROR(VLOOKUP($B35, duel!$DH:$DI, 2, FALSE), 0) -> 4 | CP35: =IFERROR(VLOOKUP($B35, blitz!$DH:$DI, 2, FALSE), 0) -> 0 | CQ35: =AND(CN35=CO35) -> TRUE | CR35: =IFERROR(VLOOKUP($B35, aegis!$DM:$DN, 2, FALSE), 0) -> 2 | CS35: =IFERROR(VLOOKUP($B35, duel!$DM:$DN, 2, FALSE), 0) -> 2 | CT35: =IFERROR(VLOOKUP($B35, blitz!$DM:$DN, 2, FALSE), 0) -> 2 | CU35: =AND(CR35=CS35, CS35=CT35) -> TRUE | CV35: =IFERROR(VLOOKUP($B35, aegis!$DR:$DS, 2, FALSE), 0) -> 88 | CW35: =IFERROR(VLOOKUP($B35, duel!$DR:$DS, 2, FALSE), 0) -> 88 | CX35: =IFERROR(VLOOKUP($B35, blitz!$DR:$DS, 2, FALSE), 0) -> 88 | CY35: =AND(CV35=CW35, CW35=CX35) -> TRUE
A36: ○ | B36: 02000029 | C36: =AND(G36,K36,O36,S36,W36,AA36,AE36,AI36,AM36,AQ36,AU36,AY36,BC36,BG36,BK36,BO36,BS36,BW36,CA36,CE36,CI36,CM36,CQ36,CU36,CY36) -> FALSE | D36: =IFERROR(VLOOKUP($B36, aegis!$B:$C, 2, FALSE), 0) -> 120 | E36: =IFERROR(VLOOKUP($B36, duel!$B:$C, 2, FALSE), 0) -> 120 | F36: =IFERROR(VLOOKUP($B36, blitz!$B:$C, 2, FALSE), 0) -> 120 | G36: =AND(D36=E36, E36=F36) -> TRUE | H36: =IFERROR(VLOOKUP($B36, aegis!$G:$H, 2, FALSE), 0) -> 70 | I36: =IFERROR(VLOOKUP($B36, duel!$G:$H, 2, FALSE), 0) -> 70 | J36: =IFERROR(VLOOKUP($B36, blitz!$G:$H, 2, FALSE), 0) -> 70 | K36: =AND(H36=I36, I36=J36) -> TRUE | L36: =IFERROR(VLOOKUP($B36, aegis!$L:$M, 2, FALSE), 0) -> 120 | M36: =IFERROR(VLOOKUP($B36, duel!$L:$M, 2, FALSE), 0) -> 120 | N36: =IFERROR(VLOOKUP($B36, blitz!$L:$M, 2, FALSE), 0) -> 120 | O36: =AND(L36=M36, M36=N36) -> TRUE | P36: =IFERROR(VLOOKUP($B36, aegis!$Q:$R, 2, FALSE), 0) -> 70 | Q36: =IFERROR(VLOOKUP($B36, duel!$Q:$R, 2, FALSE), 0) -> 70 | R36: =IFERROR(VLOOKUP($B36, blitz!$Q:$R, 2, FALSE), 0) -> 70 | S36: =AND(P36=Q36, Q36=R36) -> TRUE | T36: =IFERROR(VLOOKUP($B36, aegis!$V:$W, 2, FALSE), 0) -> 560 | U36: =IFERROR(VLOOKUP($B36, duel!$V:$W, 2, FALSE), 0) -> 560 | V36: =IFERROR(VLOOKUP($B36, blitz!$V:$W, 2, FALSE), 0) -> 560 | W36: =AND(T36=U36, U36=V36) -> TRUE | X36: =IFERROR(VLOOKUP($B36, aegis!$AA:$AB, 2, FALSE), 0) -> 4 | Y36: =IFERROR(VLOOKUP($B36, duel!$AA:$AB, 2, FALSE), 0) -> 7 | Z36: =IFERROR(VLOOKUP($B36, blitz!$AA:$AB, 2, FALSE), 0) -> 4 | AA36: =AND(X36=Y36, Y36=Z36) -> FALSE | AB36: =IFERROR(VLOOKUP($B36, aegis!$AF:$AG, 2, FALSE), 0) -> 204 | AC36: =IFERROR(VLOOKUP($B36, duel!$AF:$AG, 2, FALSE), 0) -> 204 | AD36: =IFERROR(VLOOKUP($B36, blitz!$AF:$AG, 2, FALSE), 0) -> 204 | AE36: =AND(AB36=AC36, AC36=AD36) -> TRUE | AF36: =IFERROR(VLOOKUP($B36, aegis!$AK:$AL, 2, FALSE), 0) -> 5 | AG36: =IFERROR(VLOOKUP($B36, duel!$AK:$AL, 2, FALSE), 0) -> 1 | AH36: =IFERROR(VLOOKUP($B36, blitz!$AK:$AL, 2, FALSE), 0) -> 1 | AI36: =AND(AF36=AG36, AG36=AH36) -> FALSE | AJ36: =IFERROR(VLOOKUP($B36, aegis!$AP:$AQ, 2, FALSE), 0) -> 4 | AK36: =IFERROR(VLOOKUP($B36, duel!$AP:$AQ, 2, FALSE), 0) -> 4 | AL36: =IFERROR(VLOOKUP($B36, blitz!$AP:$AQ, 2, FALSE), 0) -> 4 | AM36: =AND(AJ36=AK36, AK36=AL36) -> TRUE | AN36: =IFERROR(VLOOKUP($B36, aegis!$AU:$AV, 2, FALSE), 0) -> 0 | AO36: =IFERROR(VLOOKUP($B36, duel!$AU:$AV, 2, FALSE), 0) -> 0 | AP36: =IFERROR(VLOOKUP($B36, blitz!$AU:$AV, 2, FALSE), 0) -> 0 | AQ36: =AND(AN36=AO36, AO36=AP36) -> TRUE | AR36: =IFERROR(VLOOKUP($B36, aegis!$AZ:$BA, 2, FALSE), 0) -> 4 | AS36: =IFERROR(VLOOKUP($B36, duel!$AZ:$BA, 2, FALSE), 0) -> 4 | AT36: =IFERROR(VLOOKUP($B36, blitz!$AZ:$BA, 2, FALSE), 0) -> 4 | AU36: =AND(AR36=AS36, AS36=AT36) -> TRUE | AV36: =IFERROR(VLOOKUP($B36, aegis!$BE:$BF, 2, FALSE), 0) -> 4 | AW36: =IFERROR(VLOOKUP($B36, duel!$BE:$BF, 2, FALSE), 0) -> 4 | AX36: =IFERROR(VLOOKUP($B36, blitz!$BE:$BF, 2, FALSE), 0) -> 4 | AY36: =AND(AV36=AW36, AW36=AX36) -> TRUE | AZ36: =IFERROR(VLOOKUP($B36, aegis!$BJ:$BK, 2, FALSE), 0) -> 1 | BA36: =IFERROR(VLOOKUP($B36, duel!$BJ:$BK, 2, FALSE), 0) -> 1 | BB36: =IFERROR(VLOOKUP($B36, blitz!$BJ:$BK, 2, FALSE), 0) -> 1 | BC36: =AND(AZ36=BA36, BA36=BB36) -> TRUE | BD36: =IFERROR(VLOOKUP($B36, aegis!$BO:$BP, 2, FALSE), 0) -> 0 | BE36: =IFERROR(VLOOKUP($B36, duel!$BO:$BP, 2, FALSE), 0) -> 0 | BF36: =IFERROR(VLOOKUP($B36, blitz!$BO:$BP, 2, FALSE), 0) -> 0 | BG36: =AND(BD36=BE36, BE36=BF36) -> TRUE | BH36: =IFERROR(VLOOKUP($B36, aegis!$BT:$BU, 2, FALSE), 0) -> 107 | BI36: =IFERROR(VLOOKUP($B36, duel!$BT:$BU, 2, FALSE), 0) -> 107 | BJ36: =IFERROR(VLOOKUP($B36, blitz!$BT:$BU, 2, FALSE), 0) -> 107 | BK36: =AND(BH36=BI36, BI36=BJ36) -> TRUE | BL36: =IFERROR(VLOOKUP($B36, aegis!$BY:$BZ, 2, FALSE), 0) -> 2 | BM36: =IFERROR(VLOOKUP($B36, duel!$BY:$BZ, 2, FALSE), 0) -> 2 | BN36: =IFERROR(VLOOKUP($B36, blitz!$BY:$BZ, 2, FALSE), 0) -> 2 | BO36: =AND(BL36=BM36, BM36=BN36) -> TRUE | BP36: =IFERROR(VLOOKUP($B36, aegis!$CD:$CE, 2, FALSE), 0) -> 7 | BQ36: =IFERROR(VLOOKUP($B36, duel!$CD:$CE, 2, FALSE), 0) -> 7 | BR36: =IFERROR(VLOOKUP($B36, blitz!$CD:$CE, 2, FALSE), 0) -> 7 | BS36: =AND(BP36=BQ36, BQ36=BR36) -> TRUE | BT36: =IFERROR(VLOOKUP($B36, aegis!$CI:$CJ, 2, FALSE), 0) -> 4 | BU36: =IFERROR(VLOOKUP($B36, duel!$CI:$CJ, 2, FALSE), 0) -> 4 | BV36: =IFERROR(VLOOKUP($B36, blitz!$CI:$CJ, 2, FALSE), 0) -> 4 | BW36: =AND(BT36=BU36, BU36=BV36) -> TRUE | BX36: =IFERROR(VLOOKUP($B36, aegis!$CN:$CO, 2, FALSE), 0) -> 4 | BY36: =IFERROR(VLOOKUP($B36, duel!$CN:$CO, 2, FALSE), 0) -> 4 | BZ36: =IFERROR(VLOOKUP($B36, blitz!$CN:$CO, 2, FALSE), 0) -> 4 | CA36: =AND(BX36=BY36, BY36=BZ36) -> TRUE | CB36: =IFERROR(VLOOKUP($B36, aegis!$CS:$CT, 2, FALSE), 0) -> 21 | CC36: =IFERROR(VLOOKUP($B36, duel!$CS:$CT, 2, FALSE), 0) -> 21 | CD36: =IFERROR(VLOOKUP($B36, blitz!$CS:$CT, 2, FALSE), 0) -> 21 | CE36: =AND(CB36=CC36, CC36=CD36) -> TRUE | CF36: =IFERROR(VLOOKUP($B36, aegis!$CX:$CY, 2, FALSE), 0) -> 33213 | CG36: =IFERROR(VLOOKUP($B36, duel!$CX:$CY, 2, FALSE), 0) -> 33204 | CH36: =IFERROR(VLOOKUP($B36, blitz!$CX:$CY, 2, FALSE), 0) -> 8896 | CI36: =AND(CF36=CG36, CG36=CH36) -> FALSE | CJ36: =IFERROR(VLOOKUP($B36, aegis!$DC:$DD, 2, FALSE), 0) -> 2 | CK36: =IFERROR(VLOOKUP($B36, duel!$DC:$DD, 2, FALSE), 0) -> 2 | CL36: =IFERROR(VLOOKUP($B36, blitz!$DC:$DD, 2, FALSE), 0) -> 2 | CM36: =AND(CJ36=CK36, CK36=CL36) -> TRUE | CN36: =IFERROR(VLOOKUP($B36, aegis!$DH:$DI, 2, FALSE), 0) -> 7 | CO36: =IFERROR(VLOOKUP($B36, duel!$DH:$DI, 2, FALSE), 0) -> 7 | CP36: =IFERROR(VLOOKUP($B36, blitz!$DH:$DI, 2, FALSE), 0) -> 0 | CQ36: =AND(CN36=CO36) -> TRUE | CR36: =IFERROR(VLOOKUP($B36, aegis!$DM:$DN, 2, FALSE), 0) -> 3 | CS36: =IFERROR(VLOOKUP($B36, duel!$DM:$DN, 2, FALSE), 0) -> 3 | CT36: =IFERROR(VLOOKUP($B36, blitz!$DM:$DN, 2, FALSE), 0) -> 3 | CU36: =AND(CR36=CS36, CS36=CT36) -> TRUE | CV36: =IFERROR(VLOOKUP($B36, aegis!$DR:$DS, 2, FALSE), 0) -> 204 | CW36: =IFERROR(VLOOKUP($B36, duel!$DR:$DS, 2, FALSE), 0) -> 204 | CX36: =IFERROR(VLOOKUP($B36, blitz!$DR:$DS, 2, FALSE), 0) -> 204 | CY36: =AND(CV36=CW36, CW36=CX36) -> TRUE
